rank,lemma,pos,count,freqShare,topForms,ambiguous,excluded
1,el,det,21727093,0.05335256,la el los,false,false
2,de,prep,16107392,0.03955295,de del,false,false
3,que,conj,14421005,0.03541189,que,false,false
4,ser,verb,13073270,0.03210243,es ser era,true,false
5,no,adv,12379505,0.03039883,no,false,false
6,a,prep,11099135,0.02725479,a al,false,false
7,uno,det,10096514,0.02479277,un una uno,false,false
8,estar,verb,7529626,0.01848958,está estoy estás,true,false
9,y,conj,7128745,0.01750519,y,false,false
10,en,prep,6817535,0.01674099,en enes,false,false
11,lo,pron,6041793,0.01483609,lo,false,false
12,haber,verb,5206591,0.01278519,ha hay he,false,false
13,tener,verb,4671359,0.01147088,tengo tiene tienes,false,false
14,ir,verb,4646028,0.01140868,vamos voy va,true,false
15,por,prep,4454673,0.01093879,por,false,false
16,qué,pron,4166708,0.01023167,qué,false,false
17,hacer,verb,4001935,0.00982706,hacer hace hecho,true,false
18,me,pron,3927712,0.00964480,me,false,false
19,este,det,3674967,0.00902417,esto esta este,false,false
20,poder,verb,3610250,0.00886525,puedo puede puedes,false,false
21,ese,pron,3578535,0.00878737,eso ese esa,false,false
22,se,pron,3058120,0.00750945,se,false,false
23,te,pron,3034375,0.00745114,te,false,false
24,decir,verb,3033883,0.00744993,decir dijo dice,false,false
25,con,prep,3028045,0.00743560,con,false,false
26,para,prep,2834456,0.00696023,para paras,false,false
27,mi,det,2789571,0.00685001,mi mis milos,false,false
28,saber,verb,2649119,0.00650512,sé sabes sabe,true,false
29,su,det,2567599,0.00630494,su sus,false,false
30,querer,verb,2433421,0.00597545,quiero quieres quiere,false,false
31,todo,pron,2422481,0.00594859,todo todos todas,false,false
32,pero,conj,2370373,0.00582063,pero peros,false,false
33,sí,interj,2350514,0.00577187,sí,false,false
34,si,conj,2348665,0.00576733,si,false,false
35,bien,adv,2051444,0.00503748,bien bienes,false,false
36,ver,verb,1962254,0.00481847,ver visto veo,true,false
37,yo,pron,1915934,0.00470472,yo,false,false
38,tu,det,1890423,0.00464208,tu tus,false,false
39,bueno,adj,1742467,0.00427876,bueno buena buen,false,false
40,le,pron,1726612,0.00423983,le les,false,false
41,aquí,adv,1690292,0.00415064,aquí aqui,false,false
42,como,conj,1630651,0.00400419,como,false,false
43,más,adv,1606972,0.00394604,más mas,false,false
44,solo,adv,1449713,0.00355988,sólo solo sola,false,false
45,creer,verb,1316865,0.00323366,creo crees cree,false,false
46,deber,verb,1168501,0.00286934,debe debería debo,false,false
47,pasar,verb,1155105,0.00283645,pasa pasado pasó,false,false
48,ya,adv,1115265,0.00273862,ya,false,false
49,dar,verb,1100434,0.00270220,da dar dame,false,false
50,así,adv,1096867,0.00269344,así asi,false,false
51,ahora,adv,1088174,0.00267210,ahora,false,false
52,muy,adv,1086248,0.00266737,muy,false,false
53,algo,pron,1039192,0.00255182,algo,false,false
54,él,pron,1033647,0.00253820,él ello consigo,false,false
55,dejar,verb,985681,0.00242042,dejar deja déjame,false,false
56,venir,verb,979407,0.00240501,ven venir viene,true,false
57,vez,noun,962983,0.00236468,vez veces,false,false
58,hablar,verb,945990,0.00232295,hablar hablando habla,false,false
59,cuando,conj,931329,0.00228695,cuando,false,false
60,tú,pron,906053,0.00222488,tú,false,false
,señor,noun,871664,0.00214044,señor señores sr,false,true
61,nos,pron,866968,0.00212891,nos,false,false
62,nada,pron,864187,0.00212208,nada nadas,false,false
63,cómo,pron,862349,0.00211756,cómo,false,false
64,sentir,verb,859548,0.00211069,siento siente sientes,false,false
65,o,conj,843972,0.00207244,o,false,false
66,otro,pron,837642,0.00205689,otra otro otros,false,false
67,mucho,adv,821044,0.00201614,mucho muchas muchos,false,false
68,ella,pron,800671,0.00196611,ella,false,false
69,gracias,interj,779503,0.00191413,gracias,false,false
70,esperar,verb,765345,0.00187936,espera espero esperar,false,false
71,pensar,verb,761470,0.00186985,pensé pensar pensando,false,false
72,cosa,noun,693855,0.00170381,cosas cosa,false,false
73,usted,pron,692552,0.00170062,usted,false,false
74,porque,conj,685059,0.00168222,porque,false,false
75,mirar,verb,680245,0.00167039,mira mire mirando,false,false
76,necesitar,verb,677379,0.00166336,necesito necesita necesitamos,false,false
77,día,noun,663577,0.00162946,día días dia,false,false
78,nuestro,det,662921,0.00162785,nuestro nuestra nuestros,false,false
79,llamar,verb,613377,0.00150619,llama llamar llamado,false,false
80,hombre,noun,611731,0.00150215,hombre hombres,false,false
81,entonces,adv,609938,0.00149775,entonces,false,false
82,casa,noun,608025,0.00149305,casa casas,false,false
83,hola,interj,601523,0.00147709,hola,false,false
84,verdad,noun,590977,0.00145119,verdad verdades,false,false
85,quién,pron,589497,0.00144756,quién quiénes,false,false
86,encontrar,verb,586108,0.00143923,encontrar encontrado encontré,false,false
87,alguno,det,585497,0.00143773,alguna algún algunos,false,false
88,tiempo,noun,583571,0.00143300,tiempo tiempos,false,false
89,volver,verb,580080,0.00142443,volver vuelve vuelto,false,false
90,tan,adv,573916,0.00140930,tan,false,false
91,dos,num,556427,0.00136635,dos,false,false
92,llevar,verb,550645,0.00135215,lleva llevar llevo,false,false
93,nunca,adv,549997,0.00135056,nunca,false,false
94,mejor,adj,547987,0.00134562,mejor mejores,false,false
95,dónde,pron,539643,0.00132514,dónde,false,false
96,año,noun,537457,0.00131977,años año,false,false
97,poner,verb,537413,0.00131966,poner puesto pone,false,false
98,oír,verb,533094,0.00130905,oye oído oír,false,false
99,parecer,verb,531780,0.00130583,parece parecía parecer,false,false
100,favor,noun,530966,0.00130383,favor favores,false,false
101,tomar,verb,520992,0.00127934,tomar toma tomó,false,false
102,mí,pron,515655,0.00126623,mí,false,false
103,también,adv,505291,0.00124078,también tambien,false,false
104,gustar,verb,502178,0.00123314,gusta gustaría gustan,false,false
105,ti,pron,501234,0.00123082,ti tí,false,false
106,noche,noun,500670,0.00122943,noche noches,false,false
107,mismo,det,491071,0.00120586,mismo misma mismos,false,false
108,dios,noun,490158,0.00120362,dios dioses,false,false
109,quedar,verb,489812,0.00120277,queda quédate quedarme,false,false
110,salir,verb,489448,0.00120188,salir salió sale,true,false
111,vida,noun,489126,0.00120109,vida vidas,false,false
112,sobre,prep,479034,0.00117631,sobre sobres,false,false
113,sin,prep,474770,0.00116583,sin,false,false
114,nuevo,adj,451114,0.00110775,nuevo nueva nuevos,false,false
115,llegar,verb,449573,0.00110396,llegar llegado llegó,false,false
116,alguien,pron,447141,0.00109799,alguien,false,false
117,ahí,adv,441974,0.00108530,ahí ahi,false,false
118,poco,adv,440650,0.00108205,poco pocos pocas,false,false
119,padre,noun,435906,0.00107040,padre padres,false,false
120,siempre,adv,424363,0.00104206,siempre,false,false
121,ayudar,verb,423780,0.00104063,ayudar ayuda ayudarte,true,false
122,conocer,verb,423338,0.00103954,conozco conoces conoce,false,false
123,hasta,adv,423321,0.00103950,hasta,false,false
124,amigo,noun,419040,0.00102899,amigo amigos,false,false
125,seguir,verb,408590,0.00100332,sigue seguir sigues,false,false
126,primero,adj,405751,0.00099635,primera primero primer,false,false
127,antes,adv,405555,0.00099587,antes,false,false
128,ni,conj,401980,0.00098709,ni,false,false
129,trabajar,verb,400075,0.00098242,trabajo trabajar trabajando,true,false
,matar,verb,398449,0.00097842,matar mató matado,false,true
130,escuchar,verb,380778,0.00093503,escucha escuchar escúchame,false,false
131,nosotros,pron,379354,0.00093153,nosotros nosotras,false,false
132,seguro,adj,377742,0.00092757,seguro segura seguros,false,false
133,ellos,pron,370784,0.00091049,ellos ellas,false,false
134,acuerdo,noun,368906,0.00090588,acuerdo acuerdos,false,false
135,vivir,verb,359016,0.00088159,vivir vivo vive,false,false
136,gente,noun,355898,0.00087394,gente gentes,false,false
137,hijo,noun,352876,0.00086651,hijo hijos,false,false
138,mujer,noun,349163,0.00085740,mujer mujeres,false,false
139,nadie,pron,339772,0.00083434,nadie,false,false
140,tratar,verb,339450,0.00083355,trata tratando trato,false,false
141,entender,verb,329373,0.00080880,entiendo entiendes entender,false,false
142,buscar,verb,326074,0.00080070,buscando buscar busca,false,false
143,tal,det,322852,0.00079279,tal tales,false,false
144,claro,adj,317195,0.00077890,claro clara claras,false,false
145,momento,noun,316668,0.00077760,momento momentos,false,false
146,chico,noun,315017,0.00077355,chicos chico,false,false
147,acabar,verb,313260,0.00076923,acaba acabo acabó,false,false
148,perder,verb,311722,0.00076546,perdido perder perdí,false,false
149,después,adv,311500,0.00076491,después,false,false
150,problema,noun,310101,0.00076148,problema problemas,false,false
151,hora,noun,306724,0.00075318,hora horas,false,false
152,desde,prep,303620,0.00074556,desde,false,false
153,mundo,noun,303249,0.00074465,mundo mundos,false,false
154,lugar,noun,301320,0.00073991,lugar lugares,false,false
155,dinero,noun,300518,0.00073795,dinero,false,false
156,morir,verb,300328,0.00073748,morir murió muere,false,false
157,tipo,noun,299785,0.00073615,tipo tipos tipa,false,false
158,madre,noun,289910,0.00071190,madre madres,false,false
159,mañana,adv,287192,0.00070522,mañana mañanas,false,false
160,persona,noun,278930,0.00068493,personas persona,false,false
161,donde,pron,277524,0.00068148,donde,false,false
162,mío,det,276228,0.00067830,mío mía,false,false
163,recordar,verb,268796,0.00066005,recuerdo recuerdas recuerda,false,false
164,preguntar,verb,268660,0.00065971,pregunta pregunto preguntar,true,false
165,parte,noun,268293,0.00065881,parte partes,false,false
166,allí,adv,267215,0.00065617,allí,false,false
167,intentar,verb,267084,0.00065585,intentando intento intentar,false,false
168,trabajo,noun,266485,0.00065437,trabajo trabajos,true,false
169,mamá,noun,265253,0.00065135,mamá mama mamás,false,false
170,menos,adv,263837,0.00064787,menos,false,false
171,chica,noun,262677,0.00064502,chica chicas,false,false
172,contar,verb,258657,0.00063515,cuenta contar cuento,true,false
173,gran,adj,257648,0.00063267,gran,false,false
174,ninguno,det,256864,0.00063075,ninguna ningún ninguno,false,false
175,importar,verb,256736,0.00063044,importa importaría importar,false,false
176,tanto,adv,256323,0.00062942,tanto tanta tantas,false,false
177,empezar,verb,248383,0.00060992,empezar empieza empezó,false,false
178,nombre,noun,247112,0.00060680,nombre nombres,false,false
179,luego,adv,245811,0.00060361,luego,false,false
180,señora,noun,245125,0.00060192,señora señoras,false,false
181,traer,verb,244950,0.00060149,trae traer traído,false,false
182,papá,noun,243251,0.00059732,papá,false,false
183,niño,noun,241368,0.00059270,niños niño,false,false
184,hoy,adv,240395,0.00059031,hoy,false,false
185,tres,num,239782,0.00058880,tres,false,false
186,pedir,verb,230959,0.00056714,pedir pidió pido,false,false
187,entrar,verb,229404,0.00056332,entrar entra entró,false,false
188,mano,noun,227586,0.00055886,manos mano,false,false
189,conseguir,verb,227253,0.00055804,conseguir conseguido consigue,false,false
,mierda,noun,224903,0.00055227,mierda mierdas,false,true
190,conmigo,pron,224527,0.00055134,conmigo,false,false
191,último,adj,222207,0.00054565,última último últimos,false,false
192,muerto,adj,221943,0.00054500,muerto muerta muertos,false,false
193,mal,adv,221267,0.00054334,mal males,false,false
194,pequeño,adj,219882,0.00053994,pequeño pequeña pequeños,false,false
195,suponer,verb,219473,0.00053893,supongo supone suponía,false,false
196,realmente,adv,217847,0.00053494,realmente,false,false
197,cierto,adj,217841,0.00053493,cierto cierta ciertas,false,false
198,razón,noun,216733,0.00053220,razón razones,false,false
199,serio,adj,215787,0.00052988,serio seria serios,false,false
200,listo,adj,215505,0.00052919,listo lista listos,false,false
201,idea,noun,215172,0.00052837,idea ideas,false,false
202,aún,adv,215129,0.00052827,aún,false,false
203,tarde,adv,211102,0.00051838,tarde tardes,false,false
204,usar,verb,210726,0.00051745,usar usa usando,false,false
205,cada,det,209674,0.00051487,cada,false,false
206,quien,pron,208216,0.00051129,quien quienes,false,false
207,comer,verb,206277,0.00050653,comer come comido,false,false
208,fuera,adv,204133,0.00050126,fuera fueras,true,false
209,contigo,pron,202208,0.00049654,contigo,false,false
210,único,adj,201167,0.00049398,único única únicos,false,false
211,cambiar,verb,199479,0.00048984,cambiar cambiado cambia,false,false
212,demasiado,adv,198357,0.00048708,demasiado demasiada demasiados,false,false
213,policía,noun,197336,0.00048457,policía policías,false,false
214,vale,interj,196313,0.00048206,vale,true,false
215,ustedes,pron,195141,0.00047918,ustedes,false,false
216,semana,noun,194855,0.00047848,semana semanas,false,false
217,cualquiera,det,193315,0.00047470,cualquier cualquiera,false,false
218,doctor,noun,193002,0.00047393,doctor doctores,false,false
219,minuto,noun,192790,0.00047341,minutos minuto,false,false
220,familia,noun,192084,0.00047168,familia familias,false,false
221,preocupar,verb,189652,0.00046571,preocupes preocupa preocupe,false,false
222,malo,adj,189303,0.00046485,malo mala malas,false,false
223,hermano,noun,189011,0.00046413,hermano hermanos,false,false
224,amar,verb,187765,0.00046107,amo ama amas,false,false
225,cuánto,det,186301,0.00045748,cuánto cuántos cuántas,false,false
226,ganar,verb,186052,0.00045687,ganar ganado gana,false,false
227,amor,noun,183979,0.00045177,amor amores,false,false
228,forma,noun,182173,0.00044734,forma formas,false,false
229,junto,adj,182166,0.00044732,juntos junto juntas,false,false
230,entre,prep,181114,0.00044474,entre,false,false
231,viejo,adj,177179,0.00043508,viejo vieja viejos,false,false
232,sacar,verb,176317,0.00043296,sacar saca sacó,false,false
233,loco,adj,175689,0.00043142,loco loca locos,false,false
234,grande,adj,172243,0.00042296,grande grandes,false,false
235,terminar,verb,171066,0.00042007,terminar terminó termina,false,false
236,olvidar,verb,170577,0.00041887,olvídalo olvidé olvidar,false,false
237,caso,noun,167430,0.00041114,caso casos,false,false
238,todavía,adv,166624,0.00040916,todavía,false,false
239,cabeza,noun,166610,0.00040912,cabeza cabezas,false,false
240,lado,noun,165638,0.00040674,lado lados,false,false
,maldito,adj,163133,0.00040059,maldita maldito malditos,false,true
241,pagar,verb,162082,0.00039800,pagar paga pagan,false,false
242,segundo,adj,160308,0.00039365,segundo segunda segundos,false,false
243,leer,verb,156733,0.00038487,lee leer leo,false,false
244,historia,noun,156656,0.00038468,historia historias,false,false
245,puerta,noun,154899,0.00038037,puerta puertas,false,false
246,cariño,noun,153806,0.00037768,cariño cariños,false,false
247,rápido,adj,153762,0.00037757,rápido rápida rápidos,false,false
248,significar,verb,151296,0.00037152,significa significaba significan,false,false
249,genial,adj,150930,0.00037062,genial geniales,false,false
250,manera,noun,150499,0.00036956,manera maneras,false,false
251,mientras,conj,150383,0.00036928,mientras,false,false
252,cuál,pron,149867,0.00036801,cuál cuáles,false,false
253,dormir,verb,149002,0.00036589,dormir durmiendo duerme,false,false
254,feliz,adj,147481,0.00036215,feliz felices,false,false
255,camino,noun,147472,0.00036213,camino caminos,false,false
256,supuesto,adj,146306,0.00035927,supuesto supuesta supuestos,false,false
257,jugar,verb,145889,0.00035824,jugar jugando juega,false,false
258,pues,conj,143870,0.00035328,pues,false,false
259,adiós,interj,143677,0.00035281,adiós,false,false
260,ojo,noun,142361,0.00034958,ojos ojo,false,false
261,abrir,verb,141407,0.00034724,abre abrir abra,false,false
262,contra,prep,141064,0.00034639,contra contras,false,false
263,quizá,adv,140794,0.00034573,quizá,false,false
264,tío,noun,140237,0.00034436,tío tíos,false,false
265,durante,prep,139987,0.00034375,durante,false,false
266,medio,adj,139745,0.00034315,medio media medios,false,false
267,mes,noun,137710,0.00033816,meses mes,false,false
268,enviar,verb,137007,0.00033643,envió enviar enviado,false,false
269,palabra,noun,136679,0.00033563,palabra palabras,false,false
270,mover,verb,136582,0.00033539,mueve muevas muévete,false,false
271,suceder,verb,136511,0.00033521,sucede sucedió suceder,false,false
272,regresar,verb,135779,0.00033342,regresar regresa regrese,false,false
,arma,noun,135759,0.00033337,arma armas,false,true
273,importante,adj,135521,0.00033278,importante importantes,false,false
274,señorita,noun,135087,0.00033172,señorita señoritas,false,false
275,ciudad,noun,134170,0.00032946,ciudad ciudades,false,false
276,dentro,adv,133954,0.00032893,dentro,false,false
277,hija,noun,133643,0.00032817,hija hijas,false,false
278,casi,adv,133614,0.00032810,casi,false,false
279,querido,adj,133191,0.00032706,querida querido queridos,false,false
280,caer,verb,132533,0.00032545,caer cayó cae,false,false
281,comprar,verb,130451,0.00032033,comprar compré compró,false,false
282,hacia,prep,130371,0.00032014,hacia hacias,false,false
283,propio,adj,129623,0.00031830,propia propio propios,false,false
284,quizás,adv,129544,0.00031811,quizás,false,false
285,muerte,noun,128427,0.00031536,muerte muertes,false,false
286,corazón,noun,128181,0.00031476,corazón corazones,false,false
287,pronto,adv,128135,0.00031465,pronto,false,false
288,suerte,noun,127246,0.00031246,suerte,false,false
289,echar,verb,126871,0.00031154,echar echo echa,false,false
290,punto,noun,126847,0.00031148,punto puntos,false,false
291,funcionar,verb,126736,0.00031121,funciona funcionar funcionó,false,false
292,mantener,verb,126656,0.00031101,mantener mantiene mantenga,false,false
293,siquiera,adv,126506,0.00031065,siquiera,false,false
294,agua,noun,125042,0.00030705,agua aguas,false,false
295,esposa,noun,125038,0.00030704,esposa esposas,false,false
296,justo,adj,125008,0.00030697,justo justa justos,false,false
297,jefe,noun,124263,0.00030514,jefe jefes,false,false
298,clase,noun,124030,0.00030457,clase clases,false,false
299,os,pron,122754,0.00030143,os,false,false
300,cara,noun,122582,0.00030101,cara caras,false,false
301,ocurrir,verb,122176,0.00030001,ocurre ocurrió ocurra,false,false
302,recibir,verb,121943,0.00029944,recibir recibido recibí,false,false
303,bajo,prep,121836,0.00029918,bajo bajas bajos,false,false
304,realidad,noun,121615,0.00029864,realidad realidades,false,false
305,miedo,noun,121067,0.00029729,miedo miedos,false,false
306,alto,adj,120473,0.00029583,alto alta altos,false,false
307,equipo,noun,118959,0.00029211,equipo equipos,false,false
308,suficiente,adj,118336,0.00029058,suficiente suficientes,false,false
309,juego,noun,117103,0.00028756,juego juegos,false,false
310,coche,noun,117028,0.00028737,coche coches,false,false
311,tocar,verb,116449,0.00028595,tocar toca tocando,false,false
312,difícil,adj,116139,0.00028519,difícil difíciles,false,false
313,mostrar,verb,115817,0.00028440,muestra mostrar mostraré,false,false
314,disculpar,verb,115614,0.00028390,disculpe disculpen discúlpeme,false,false
315,estado,noun,115480,0.00028357,estado estados,true,false
316,fin,noun,115394,0.00028336,fin fines,false,false
317,cuidado,noun,114998,0.00028239,cuidado cuidados cuidada,false,false
318,hecho,noun,114574,0.00028135,hecho hechos hecha,true,false
319,cuerpo,noun,114461,0.00028107,cuerpo cuerpos,false,false
320,bajar,verb,114272,0.00028060,baja bajar baje,false,false
321,escribir,verb,113295,0.00027820,escribir escribió escribe,false,false
322,bastante,adv,113273,0.00027815,bastante bastantes,false,false
323,correr,verb,113209,0.00027799,corre correr corriendo,false,false
324,adelante,adv,113192,0.00027795,adelante,false,false
325,igual,adj,112960,0.00027738,igual iguales,false,false
326,tierra,noun,112755,0.00027688,tierra tierras,false,false
327,vuelta,noun,112728,0.00027681,vuelta vueltas,false,false
328,cinco,num,112532,0.00027633,cinco,false,false
329,cerca,adv,111092,0.00027280,cerca cercas,false,false
330,joven,noun,110359,0.00027100,joven jóvenes jovenes,false,false
331,prueba,noun,109454,0.00026877,prueba pruebas,false,false
332,meter,verb,109136,0.00026799,meter metió mete,false,false
333,número,noun,109021,0.00026771,número números,false,false
334,cuenta,noun,107972,0.00026513,cuenta cuentas,true,false
335,pregunta,noun,107314,0.00026352,preguntas pregunta,true,false
336,fiesta,noun,107059,0.00026289,fiesta fiestas,false,false
337,cuándo,pron,106920,0.00026255,cuándo,false,false
338,auto,noun,106829,0.00026233,auto autos,false,false
339,comenzar,verb,106605,0.00026178,comenzó comenzar comienza,false,false
340,guerra,noun,106482,0.00026147,guerra guerras,false,false
341,beber,verb,106111,0.00026056,beber bebe bebiendo,false,false
342,fuerte,adj,105584,0.00025927,fuerte fuertes,false,false
343,incluso,adv,105304,0.00025858,incluso,false,false
344,aunque,conj,104655,0.00025699,aunque,false,false
345,encantar,verb,104646,0.00025697,encanta encantaría encantan,false,false
346,salvar,verb,104623,0.00025691,salvar salvó salve,false,false
347,valer,verb,104605,0.00025687,vale valen valga,true,false
348,hermana,noun,104385,0.00025633,hermana hermanas,false,false
349,cuatro,num,103805,0.00025490,cuatro,false,false
350,coger,verb,103246,0.00025353,coger coge cogió,false,false
351,sentar,verb,103101,0.00025317,sentado sienta sientas,false,false
352,detener,verb,102944,0.00025279,detente detener detenerlo,false,false
353,allá,adv,102642,0.00025205,allá,false,false
354,oportunidad,noun,102344,0.00025131,oportunidad oportunidades,false,false
355,teléfono,noun,102290,0.00025118,teléfono teléfonos,false,false
356,arriba,adv,102254,0.00025109,arriba,false,false
357,desear,verb,102126,0.00025078,deseo desea desearía,true,false
358,final,adj,101899,0.00025022,final finales,false,false
359,perdonar,verb,101481,0.00024919,perdona perdone perdóname,false,false
360,subir,verb,101019,0.00024806,subir sube suba,false,false
361,mayor,adj,100457,0.00024668,mayor mayores,false,false
362,prometer,verb,100341,0.00024640,prometo prometido prometí,false,false
363,bebé,noun,99937,0.00024540,bebé bebés,false,false
364,sangre,noun,99844,0.00024517,sangre,false,false
365,luz,noun,99552,0.00024446,luz luces,false,false
,disparar,verb,98916,0.00024290,disparar disparó dispara,false,true
366,orden,noun,98438,0.00024172,orden órdenes ordenes,false,false
367,casar,verb,98242,0.00024124,casarse casar casarme,false,false
368,quitar,verb,98044,0.00024075,quítate quita quitar,false,false
369,posible,adj,97673,0.00023984,posible posibles,false,false
370,e,conj,96622,0.00023726,e,false,false
371,plan,noun,96470,0.00023689,plan planes,false,false
372,escuela,noun,96018,0.00023578,escuela escuelas,false,false
,diablo,noun,95984,0.00023570,diablos diablo,false,true
373,permitir,verb,95793,0.00023523,permite permitir permítame,false,false
374,tuyo,det,94895,0.00023302,tuyo tuya tuyos,false,false
375,habitación,noun,94448,0.00023192,habitación habitaciones,false,false
376,sonar,verb,93375,0.00022929,suena sonar sonaba,false,false
377,libro,noun,93048,0.00022849,libro libros,false,false
378,duro,adj,92237,0.00022650,duro dura duros,false,false
,demonio,noun,92130,0.00022623,demonios demonio,false,true
379,comida,noun,91879,0.00022562,comida comidas,false,false
380,santo,adj,91755,0.00022531,san santo santa,false,false
381,exactamente,adv,91598,0.00022493,exactamente,false,false
382,cielo,noun,91535,0.00022477,cielo cielos,false,false
383,fácil,adj,91488,0.00022466,fácil fáciles,false,false
384,vender,verb,91377,0.00022438,vender vende vendido,false,false
385,correcto,adj,91316,0.00022423,correcto correcta correctas,false,false
386,abajo,adv,91298,0.00022419,abajo,false,false
387,bonito,adj,91240,0.00022405,bonito bonita bonitas,false,false
388,faltar,verb,91181,0.00022390,falta faltan faltaba,false,false
389,enseñar,verb,91157,0.00022384,enseñó enseñar enseñaré,false,false
390,modo,noun,90574,0.00022241,modo modos,false,false
391,foto,noun,90160,0.00022139,foto fotos,false,false
,capitán,noun,89691,0.00022024,capitán capitanes,false,true
392,negro,adj,89489,0.00021975,negro negra negros,false,false
393,negocio,noun,89449,0.00021965,negocio negocios,false,false
394,atrás,adv,88877,0.00021824,atrás,false,false
395,levantar,verb,88704,0.00021782,levántate levanta levantar,false,false
396,próximo,adj,88307,0.00021684,próxima próximo próximos,false,false
397,pie,noun,88288,0.00021680,pie pies,false,false
398,callar,verb,88020,0.00021614,cállate calla cállese,false,false
,puta,noun,87882,0.00021580,puta putas,false,true
399,par,noun,87841,0.00021570,par pares,false,false
400,hermoso,adj,87800,0.00021560,hermosa hermoso hermosas,false,false
401,idiota,noun,87742,0.00021546,idiota idiotas,false,false
402,robar,verb,87231,0.00021420,robar robó robaron,false,false
403,perro,noun,87107,0.00021390,perro perros,false,false
404,convertir,verb,86881,0.00021334,convirtió convierte convertirse,false,false
405,blanco,adj,86177,0.00021161,blanco blanca blancos,false,false
406,aprender,verb,86141,0.00021153,aprender aprendido aprendí,false,false
407,muchacho,noun,85866,0.00021085,muchacho muchachos,false,false
408,confiar,verb,85721,0.00021049,confiar confía confío,false,false
409,perfecto,adj,85502,0.00020996,perfecto perfecta perfectos,false,false
410,película,noun,84980,0.00020867,película películas,false,false
411,probablemente,adv,84911,0.00020851,probablemente,false,false
412,largo,adj,84527,0.00020756,largo larga largos,false,false
413,diferente,adj,84500,0.00020750,diferente diferentes,false,false
414,cuidar,verb,84265,0.00020692,cuidar cuida cuídate,false,false
415,parar,verb,84260,0.00020691,parar pare paren,false,false
416,millón,noun,84179,0.00020671,millones millón,false,false
417,dólar,noun,84132,0.00020659,dólares dólar,false,false
418,cuanto,adv,83957,0.00020616,cuanto cuantos,false,false
419,sentido,noun,83950,0.00020615,sentido sentidos,false,false
420,andar,verb,83948,0.00020614,anda andar andando,false,false
421,secreto,noun,83897,0.00020602,secreto secretos secreta,false,false
422,tampoco,adv,83595,0.00020527,tampoco,false,false
423,niña,noun,83461,0.00020494,niña niñas,false,false
424,mil,num,83136,0.00020415,mil miles,false,false
425,aquel,det,83046,0.00020393,aquel aquella aquellos,false,false
426,aceptar,verb,83027,0.00020388,aceptar acepto acepta,false,false
427,sueño,noun,82763,0.00020323,sueño sueños,false,false
428,calle,noun,82666,0.00020299,calle calles,false,false
429,noticia,noun,82540,0.00020268,noticias noticia,false,false
430,imaginar,verb,82537,0.00020268,imagino imaginar imagina,false,false
431,sitio,noun,82262,0.00020200,sitio sitios,false,false
432,llamada,noun,81768,0.00020079,llamada llamadas,false,false
433,molestar,verb,81165,0.00019931,molesta molestar moleste,false,false
434,simplemente,adv,80350,0.00019731,simplemente,false,false
435,asunto,noun,80143,0.00019680,asunto asuntos,false,false
436,oficina,noun,79971,0.00019637,oficina oficinas,false,false
437,humano,adj,79962,0.00019635,humano humanos humana,false,false
438,peor,adj,79895,0.00019619,peor peores,false,false
439,servir,verb,79893,0.00019618,sirve servir servirá,false,false
440,romper,verb,79587,0.00019543,romper rompió rompe,false,false
441,raro,adj,79548,0.00019534,raro rara raros,false,false
442,tirar,verb,79503,0.00019523,tirar tira tirado,false,false
443,mandar,verb,79455,0.00019511,mando manda mandar,false,false
444,tranquilo,adj,79377,0.00019492,tranquilo tranquila tranquilos,false,false
445,cama,noun,79288,0.00019470,cama camas,false,false
446,lejos,adv,79091,0.00019421,lejos,false,false
447,extraño,adj,78609,0.00019303,extraño extraños extrañas,false,false
448,asegurar,verb,78446,0.00019263,aseguro asegurarme asegúrate,false,false
449,explicar,verb,78342,0.00019237,explicar explica explicarlo,false,false
450,preparar,verb,78180,0.00019198,preparar preparando prepara,false,false
451,cerrar,verb,77850,0.00019117,cierra cerrar cerró,false,false
452,seis,num,77064,0.00018924,seis,false,false
453,lindo,adj,76963,0.00018899,lindo linda lindos,false,false
,agente,noun,76911,0.00018886,agente agentes,false,true
454,seguridad,noun,76807,0.00018861,seguridad,false,false
455,especial,adj,76767,0.00018851,especial especiales,false,false
456,país,noun,76422,0.00018766,país países paises,false,false
457,real,adj,76105,0.00018688,real reales,false,false
458,derecho,noun,75503,0.00018540,derecho derechos,false,false
459,alegrar,verb,75498,0.00018539,alegro alegra alegrará,false,false
460,además,adv,75259,0.00018480,además,false,false
461,bastar,verb,75241,0.00018476,basta bastará bastaba,false,false
462,rey,noun,75139,0.00018451,rey reyes,false,false
463,culpa,noun,74983,0.00018413,culpa culpas,true,false
464,libre,adj,74936,0.00018401,libre libres,false,false
465,paz,noun,74851,0.00018380,paz paces,false,false
466,marido,noun,74778,0.00018362,marido maridos,false,false
467,ayuda,noun,74642,0.00018329,ayuda ayudas,true,false
468,estúpido,adj,74575,0.00018312,estúpido estúpida estúpidos,false,false
469,pueblo,noun,74474,0.00018288,pueblo pueblos,false,false
470,presentar,verb,74382,0.00018265,presento presentar presenta,false,false
471,acerca,adv,74051,0.00018184,acerca,false,false
472,decidir,verb,74010,0.00018174,decidir decidí decidió,false,false
473,despertar,verb,73952,0.00018159,despierta despertar desperté,false,false
474,fuerza,noun,73678,0.00018092,fuerza fuerzas,false,false
475,cambio,noun,73347,0.00018011,cambio cambios,false,false
476,cuarto,adj,73146,0.00017962,cuarto cuarta cuartos,false,false
477,amiga,noun,72711,0.00017855,amiga amigas,false,false
478,tonto,adj,72676,0.00017846,tonto tonta tontos,false,false
479,carta,noun,72589,0.00017825,carta cartas,false,false
480,médico,noun,72207,0.00017731,médico médicos médicas,false,false
481,escapar,verb,71951,0.00017668,escapar escapó escape,false,false
,asesino,noun,71338,0.00017518,asesino asesinos asesinas,false,true
482,cual,pron,71293,0.00017507,cual cuales,false,false
483,bienvenido,adj,71204,0.00017485,bienvenido bienvenida bienvenidos,false,false
484,resto,noun,70948,0.00017422,resto restos,false,false
485,arreglar,verb,70702,0.00017361,arreglar arreglarlo arreglaré,false,false
486,mensaje,noun,70654,0.00017350,mensaje mensajes,false,false
487,viaje,noun,70527,0.00017318,viaje viajes,false,false
488,hospital,noun,70246,0.00017249,hospital hospitales,false,false
489,increíble,adj,69762,0.00017131,increíble increíbles,false,false
490,fuego,noun,69725,0.00017122,fuego fuegos,false,false
491,divertido,adj,69550,0.00017079,divertido divertida divertidas,false,false
492,música,noun,69241,0.00017003,música,false,false
493,perdón,noun,68904,0.00016920,perdón perdones,false,false
494,anoche,adv,68870,0.00016912,anoche,false,false
495,error,noun,68838,0.00016904,error errores,false,false
496,vuestro,det,68756,0.00016884,vuestra vuestro vuestros,false,false
,caballero,noun,68570,0.00016838,caballeros caballero,false,true
497,mentir,verb,68448,0.00016808,mintiendo mentir mintió,false,false
498,probar,verb,68187,0.00016744,probar probarlo probando,false,false
499,afuera,adv,67795,0.00016648,afuera afueras,false,false
500,temer,verb,67757,0.00016638,temo temía temer,false,false
501,lograr,verb,67677,0.00016619,lograr logrado logró,false,false
502,abogado,noun,67107,0.00016479,abogado abogados abogada,false,false
503,cortar,verb,67021,0.00016458,corta cortar cortó,false,false
504,diez,num,66634,0.00016362,diez dieces,false,false
505,ambos,num,66548,0.00016341,ambos ambas,false,false
506,relación,noun,66068,0.00016224,relación relaciones,false,false
507,ropa,noun,65963,0.00016198,ropa ropas,false,false
508,verdadero,adj,65810,0.00016160,verdadero verdadera verdaderos,false,false
509,café,noun,65790,0.00016155,café cafés,false,false
510,descubrir,verb,65627,0.00016115,descubrir descubrió descubrí,false,false
511,lleno,adj,65401,0.00016060,lleno llena llenos,false,false
512,vaya,interj,65133,0.00015994,vaya,true,false
513,grupo,noun,64975,0.00015955,grupo grupos,false,false
514,existir,verb,64506,0.00015840,existe existen existir,false,false
515,aparecer,verb,64263,0.00015780,aparece apareció aparecer,false,false
516,daño,noun,63820,0.00015671,daño daños,false,false
517,pobre,adj,63261,0.00015534,pobre pobres,false,false
518,general,adj,62835,0.00015430,general generales,false,false
519,detrás,adv,62621,0.00015377,detrás,false,false
520,oficial,adj,62285,0.00015295,oficial oficiales,false,false
521,proteger,verb,62192,0.00015272,proteger protegerte protege,false,false
,asesinato,noun,61961,0.00015215,asesinato asesinatos,false,true
522,volar,verb,61882,0.00015196,volar volando vuela,false,false
523,suyo,det,61481,0.00015097,suyo suya suyos,false,false
524,presidente,noun,61090,0.00015001,presidente,false,false
525,información,noun,60931,0.00014962,información informaciones,false,false
526,caminar,verb,60869,0.00014947,caminar caminando camina,false,false
527,voz,noun,60788,0.00014927,voz voces,false,false
528,control,noun,60553,0.00014869,control controles,false,false
529,siguiente,adj,60284,0.00014803,siguiente siguientes,false,false
530,futuro,noun,60234,0.00014791,futuro futura futuros,false,false
531,maravilloso,adj,59257,0.00014551,maravilloso maravillosa maravillosos,false,false
532,respuesta,noun,59202,0.00014538,respuesta respuestas,false,false
533,ayer,adv,59013,0.00014491,ayer,false,false
534,demás,pron,58811,0.00014441,demás,false,false
535,llorar,verb,58791,0.00014437,llorar llorando llora,false,false
536,continuar,verb,58788,0.00014436,continuar continúa continúe,false,false
537,cantar,verb,58722,0.00014420,cantar canta cantando,false,false
538,sistema,noun,58369,0.00014333,sistema sistemas,false,false
539,campo,noun,58239,0.00014301,campo campos,false,false
540,frente,noun,58186,0.00014288,frente frentes,false,false
541,responder,verb,58066,0.00014259,responder responde responda,false,false
542,baño,noun,57929,0.00014225,baño baños,false,false
543,sexo,noun,57746,0.00014180,sexo sexos,false,false
544,odio,noun,57630,0.00014151,odio odios,false,false
545,personal,adj,57496,0.00014119,personal personales,false,false
546,línea,noun,57199,0.00014046,línea líneas,false,false
547,caja,noun,57096,0.00014020,caja cajas,false,false
548,elegir,verb,57090,0.00014019,elegir elige eligió,false,false
549,enfermo,adj,56902,0.00013973,enfermo enferma enfermos,false,false
550,pena,noun,56866,0.00013964,pena penas,false,false
551,dolor,noun,56790,0.00013945,dolor dolores,false,false
552,atención,noun,56658,0.00013913,atención atenciones,false,false
553,cliente,noun,56594,0.00013897,cliente clientes,false,false
554,gritar,verb,56523,0.00013880,gritar gritando grita,false,false
555,golpear,verb,56135,0.00013784,golpeó golpear golpea,false,false
556,novia,noun,56129,0.00013783,novia novias,false,false
557,canción,noun,56121,0.00013781,canción canciones,false,false
558,boca,noun,56113,0.00013779,boca bocas,false,false
559,encima,adv,56110,0.00013778,encima,false,false
560,llave,noun,55951,0.00013739,llave llaves,false,false
561,servicio,noun,55864,0.00013718,servicio servicios,false,false
562,papel,noun,55808,0.00013704,papel papeles,false,false
563,acercar,verb,55743,0.00013688,acércate acerques acercarse,false,false
564,ley,noun,55667,0.00013669,ley leyes,false,false
565,mente,noun,55613,0.00013656,mente mentes,false,false
566,caballo,noun,55434,0.00013612,caballo caballos,false,false
567,guardar,verb,55415,0.00013608,guarda guardar guardado,false,false
568,cámara,noun,55327,0.00013586,cámara cámaras,false,false
569,conducir,verb,55324,0.00013585,conducir conduce conduciendo,false,false
570,sino,conj,55136,0.00013539,sino,false,false
571,preferir,verb,54704,0.00013433,prefiero preferiría prefiere,false,false
572,decisión,noun,54600,0.00013407,decisión decisiones,false,false
573,vosotros,pron,54600,0.00013407,vosotros vosotras,false,false
574,disculpa,noun,54540,0.00013393,disculpa disculpas,false,false
575,rojo,adj,54393,0.00013357,rojo roja rojos,false,false
576,jamás,adv,54158,0.00013299,jamás,false,false
577,citar,verb,54068,0.00013277,cita cito citar,false,false
578,bailar,verb,53938,0.00013245,bailar bailando baila,false,false
,víctima,noun,53930,0.00013243,víctima víctimas,false,true
579,situación,noun,53890,0.00013233,situación situaciones,false,false
580,actuar,verb,53571,0.00013155,actuar actuando actúa,false,false
581,frío,adj,53348,0.00013100,frío fría frías,false,false
582,estrella,noun,53203,0.00013064,estrella estrellas,false,false
583,considerar,verb,52772,0.00012959,considerado considerando considerar,false,false
584,tienda,noun,52715,0.00012945,tienda tiendas,false,false
585,desaparecer,verb,52519,0.00012896,desapareció desaparecer desaparece,false,false
586,hotel,noun,52451,0.00012880,hotel hoteles,false,false
587,equivocado,adj,52422,0.00012873,equivocado equivocada equivocados,false,false
588,pelo,noun,52394,0.00012866,pelo pelos,false,false
589,gusto,noun,52297,0.00012842,gusto gustos,false,false
590,compañía,noun,52271,0.00012836,compañía compañías,false,false
591,ofrecer,verb,52246,0.00012829,ofrecer ofrece ofreció,false,false
592,edad,noun,52218,0.00012823,edad edades,false,false
593,regalo,noun,51950,0.00012757,regalo regalos,false,false
594,compañero,noun,51747,0.00012707,compañero compañeros,false,false
595,barco,noun,51672,0.00012688,barco barcos,false,false
596,alrededor,adv,51665,0.00012687,alrededor alrededores,false,false
597,normal,adj,51631,0.00012678,normal normales,false,false
598,esconder,verb,51567,0.00012663,esconder esconde escondiendo,false,false
599,lamento,noun,51539,0.00012656,lamento lamentos,false,false
600,terminado,adj,51472,0.00012639,terminado terminada terminados,false,false
601,merecer,verb,51253,0.00012586,merece mereces merezco,false,false
602,ocupado,adj,51249,0.00012585,ocupado ocupada ocupados,false,false
603,dulce,adj,51205,0.00012574,dulce dulces,false,false
604,accidente,noun,51051,0.00012536,accidente accidentes,false,false
605,luchar,verb,50934,0.00012507,luchar luchando luchamos,false,false
606,aire,noun,50788,0.00012471,aire,false,false
607,capaz,adj,50776,0.00012468,capaz capaces,false,false
608,crear,verb,50768,0.00012466,crear creas creó,false,false
609,carrera,noun,50710,0.00012452,carrera carreras,false,false
610,adónde,pron,50674,0.00012443,adónde,false,false
611,reunión,noun,50442,0.00012386,reunión reuniones,false,false
612,traje,noun,50322,0.00012357,traje trajes,false,false
613,devolver,verb,50266,0.00012343,devolver devolveré devuelve,false,false
614,preparado,adj,50266,0.00012343,preparado preparados preparada,false,false
615,novio,noun,50093,0.00012301,novio novios,false,false
616,cargo,noun,49906,0.00012255,cargo cargos,false,false
617,droga,noun,49867,0.00012245,drogas droga,false,false
618,boda,noun,49863,0.00012244,boda bodas,false,false
619,necesario,adj,49834,0.00012237,necesario necesaria necesarios,false,false
620,recoger,verb,49704,0.00012205,recoger recoge recogiendo,false,false
621,abierto,adj,49479,0.00012150,abierto abierta abiertos,false,false
622,cena,noun,49435,0.00012139,cena cenas,false,false
623,tras,prep,49345,0.00012117,tras,false,false
624,jurar,verb,49336,0.00012115,juro jurar juré,false,false
625,casado,adj,49252,0.00012094,casado casada casados,false,false
626,referir,verb,49227,0.00012088,refiero refieres,false,false
627,brazo,noun,49140,0.00012067,brazo brazos,false,false
628,mesa,noun,49108,0.00012059,mesa mesas,false,false
629,dirección,noun,48879,0.00012003,dirección direcciones,false,false
630,público,adj,48860,0.00011998,público pública públicas,false,false
631,mitad,noun,48709,0.00011961,mitad mitades,false,false
632,avión,noun,48530,0.00011917,avión aviones,false,false
633,profesor,noun,48423,0.00011891,profesor profesores,false,false
634,conocido,adj,48370,0.00011878,conocido conocida conocidos,false,false
635,rico,adj,48367,0.00011877,rico ricos rica,false,false
636,evitar,verb,48362,0.00011876,evitar evitarlo evita,false,false
637,vestido,adj,48302,0.00011861,vestido vestidos vestida,false,false
638,centro,noun,48174,0.00011829,centro centros,false,false
,detective,noun,48063,0.00011802,detective detectives,false,true
639,señal,noun,48050,0.00011799,señal señales,false,false
640,programa,noun,48045,0.00011798,programa programas,false,false
641,visto,adj,48025,0.00011793,vista vistos,false,false
642,broma,noun,48015,0.00011790,broma bromas,false,false
643,ataque,noun,47956,0.00011776,ataque ataques,false,false
644,soldado,noun,47793,0.00011736,soldados soldado,false,false
645,horrible,adj,47657,0.00011703,horrible horribles,false,false
646,pelear,verb,47647,0.00011700,pelear peleando peleamos,false,false
647,montón,noun,47610,0.00011691,montón,false,false
648,agradecer,verb,47603,0.00011689,agradezco agradecer agradecerte,false,false
649,peligroso,adj,47496,0.00011663,peligroso peligrosa peligrosos,false,false
650,través,noun,47295,0.00011614,través,false,false
651,marchar,verb,47176,0.00011584,marchar marchó marcharse,false,false
652,gracioso,adj,47146,0.00011577,gracioso graciosa graciosos,false,false
653,principio,noun,47053,0.00011554,principio principios,false,false
654,huir,verb,46988,0.00011538,huir huyendo huyó,false,false
655,atrapar,verb,46786,0.00011489,atrapar atraparon atraparlo,false,false
656,abandonar,verb,46769,0.00011484,abandonar abandonado abandonó,false,false
657,disfrutar,verb,46701,0.00011468,disfrutar disfruta disfrutando,false,false
658,completo,adj,46587,0.00011440,completo completa completos,false,false
659,obtener,verb,46475,0.00011412,obtener obtuvo obtiene,false,false
660,salvo,adv,46418,0.00011398,salvo salvos,false,false
661,animal,noun,46414,0.00011397,animales animal,false,false
662,interesante,adj,46359,0.00011384,interesante interesantes,false,false
663,imposible,adj,46345,0.00011380,imposible imposibles,false,false
664,crimen,noun,46324,0.00011375,crimen crímenes crimenes,false,false
665,sol,noun,46225,0.00011351,sol soles,false,false
666,dama,noun,46186,0.00011341,damas dama,false,false
667,alma,noun,46123,0.00011326,alma almas,false,false
668,entendido,adj,46106,0.00011322,entendido entendidos,false,false
669,comprender,verb,46077,0.00011315,comprendo comprender comprendes,false,false
670,nave,noun,46068,0.00011312,nave naves,false,false
671,respetar,verb,45984,0.00011292,respeto respetar respeta,false,false
672,invitar,verb,45980,0.00011291,invito invitó invitar,false,false
673,terrible,adj,45897,0.00011270,terrible terribles,false,false
674,placer,noun,45879,0.00011266,placer placeres,false,false
675,partido,noun,45809,0.00011249,partido partida partidos,false,false
676,dirigir,verb,45708,0.00011224,dirige dirigir dirigen,false,false
677,averiguar,verb,45640,0.00011207,averiguar averiguarlo averigua,false,false
678,destruir,verb,45638,0.00011207,destruir destruyó destruye,false,false
679,pierna,noun,45551,0.00011185,piernas pierna,false,false
680,hambre,noun,45455,0.00011162,hambre,false,false
681,paciente,adj,45413,0.00011152,paciente pacientes,false,false
682,vino,noun,45360,0.00011138,vino vinos,true,false
683,completamente,adv,45342,0.00011134,completamente,false,false
684,preocupado,adj,45293,0.00011122,preocupado preocupada preocupados,false,false
685,reconocer,verb,45287,0.00011121,reconozco reconoce reconocer,false,false
686,ocupar,verb,45232,0.00011107,ocuparé ocupo ocupa,false,false
,culo,noun,45137,0.00011084,culo culos,false,true
687,recuperar,verb,45032,0.00011058,recuperar recupere recuperarlo,false,false
688,totalmente,adv,45016,0.00011054,totalmente,false,false
689,resultar,verb,44956,0.00011039,resulta resultó resultar,false,false
690,calmar,verb,44892,0.00011024,cálmate cálmese cálmense,false,false
691,amable,adj,44843,0.00011012,amable amables,false,false
,carajo,noun,44756,0.00010990,carajo carajos,false,true
692,antiguo,adj,44732,0.00010984,antiguo antigua antiguos,false,false
693,universidad,noun,44484,0.00010923,universidad universidades,false,false
694,crecer,verb,44441,0.00010913,crecer creciendo crece,false,false
695,sala,noun,44285,0.00010875,sala salas,false,false
696,investigación,noun,44282,0.00010874,investigación investigaciones,false,false
697,doler,verb,44218,0.00010858,duele doler dolió,false,false
698,bar,noun,44208,0.00010856,bar bares bando,false,false
699,siete,num,44169,0.00010846,siete,false,false
700,contacto,noun,43824,0.00010761,contacto contactos,false,false
701,trasero,noun,43809,0.00010758,trasero trasera traseros,false,false
702,soler,verb,43776,0.00010750,solía suele suelen,false,false
703,enemigo,noun,43775,0.00010749,enemigo enemigos enemiga,false,false
704,soltar,verb,43741,0.00010741,suéltame suéltalo soltar,false,false
705,cansado,adj,43728,0.00010738,cansado cansada cansados,false,false
706,atacar,verb,43391,0.00010655,atacar atacó ataca,false,false
707,acordar,verb,43228,0.00010615,acuerdas acuerda acordamos,false,false
708,consejo,noun,43151,0.00010596,consejo consejos,false,false
,don,noun,43082,0.00010579,don dones,false,true
709,izquierdo,adj,43013,0.00010562,izquierda izquierdo izquierdos,false,false
710,club,noun,42886,0.00010531,club clubes,false,false
711,acción,noun,42877,0.00010529,acción acciones,false,false
712,alejar,verb,42839,0.00010519,aléjate aleja alejarme,false,false
713,entregar,verb,42764,0.00010501,entregar entregó entregue,false,false
714,costar,verb,42743,0.00010496,cuesta costó costará,false,false
715,tren,noun,42717,0.00010489,tren trenes,false,false
716,prisa,noun,42623,0.00010466,prisa prisas,false,false
717,cumpleaños,noun,42596,0.00010460,cumpleaños,false,false
718,maestro,noun,42468,0.00010428,maestro maestros maestras,false,false
719,suelo,noun,42159,0.00010352,suelo suelos,false,false
720,cárcel,noun,42063,0.00010329,cárcel cárceles,false,false
721,abuela,noun,41978,0.00010308,abuela abuelas,false,false
722,gobierno,noun,41939,0.00010298,gobierno gobiernos,false,false
723,navidad,noun,41775,0.00010258,navidad navidades,false,false
724,nota,noun,41743,0.00010250,nota notas,false,false
725,embargo,noun,41642,0.00010226,embargo,false,false
726,tema,noun,41539,0.00010200,tema temas,false,false
727,revisar,verb,41533,0.00010199,revisar revisa revisando,false,false
728,manejar,verb,41519,0.00010195,manejar manejarlo maneja,false,false
729,escena,noun,41516,0.00010195,escena escenas,false,false
730,ejército,noun,41416,0.00010170,ejército ejércitos,false,false
,maldición,noun,41392,0.00010164,maldición maldiciones,false,true
731,mentira,noun,41268,0.00010134,mentira mentiras,false,false
732,sorpresa,noun,41209,0.00010119,sorpresa sorpresas,false,false
733,regla,noun,41176,0.00010111,reglas regla,false,false
734,acá,adv,41151,0.00010105,acá,false,false
735,inteligente,adj,41064,0.00010084,inteligente inteligentes,false,false
736,silencio,noun,40993,0.00010066,silencio silencios,false,false
737,triste,adj,40987,0.00010065,triste tristes,false,false
738,edificio,noun,40922,0.00010049,edificio edificios,false,false
739,reunir,verb,40904,0.00010044,reunir reunirse reúne,false,false
740,resolver,verb,40821,0.00010024,resolver resuelto resolverlo,false,false
741,odiar,verb,40773,0.00010012,odia odiaba odian,false,false
742,cenar,verb,40764,0.00010010,cenar cenamos cenando,false,false
743,ventana,noun,40650,0.00009982,ventana ventanas,false,false
744,piso,noun,40557,0.00009959,piso pisos,false,false
745,respirar,verb,40526,0.00009951,respirar respira respiro,false,false
746,fondo,noun,40461,0.00009936,fondo fondos,false,false
747,pegar,verb,40447,0.00009932,pegó pega pegar,false,false
748,reír,verb,40328,0.00009903,reír ríe riendo,false,false
749,divertir,verb,40266,0.00009888,divertirse divirtiendo diviértete,false,false
750,abuelo,noun,40235,0.00009880,abuelo abuelos,false,false
751,testigo,noun,40196,0.00009870,testigo testigos,false,false
752,corte,noun,40131,0.00009854,corte cortes,false,false
753,espalda,noun,40028,0.00009829,espalda espaldas,false,false
754,director,noun,39962,0.00009813,director directores,false,false
755,locura,noun,39869,0.00009790,locura locuras,false,false
756,pelea,noun,39780,0.00009768,pelea peleas,false,false
757,matrimonio,noun,39771,0.00009766,matrimonio matrimonios,false,false
758,peligro,noun,39748,0.00009760,peligro peligros,false,false
759,unido,adj,39709,0.00009751,unidos unido unida,false,false
760,asustar,verb,39551,0.00009712,asusta asustó asustaste,false,false
761,cerveza,noun,39545,0.00009711,cerveza cervezas,false,false
762,ocho,num,39524,0.00009705,ocho,false,false
763,unir,verb,39498,0.00009699,unirse unir une,false,false
764,televisión,noun,39349,0.00009662,televisión tv televisiones,false,false
765,esposo,noun,39268,0.00009643,esposo esposos,false,false
766,cerebro,noun,39260,0.00009641,cerebro cerebros,false,false
767,cerrado,adj,39250,0.00009638,cerrado cerrada cerrados,false,false
768,precioso,adj,39147,0.00009613,preciosa precioso preciosas,false,false
769,banco,noun,39145,0.00009612,banco bancos,false,false
770,espacio,noun,39137,0.00009610,espacio espacios,false,false
,teniente,noun,39097,0.00009601,teniente tenientes,false,true
771,tía,noun,39015,0.00009580,tía tías,false,false
772,mar,noun,39004,0.00009578,mar mares marla,false,false
773,permiso,noun,38978,0.00009571,permiso permisos,false,false
774,partir,verb,38964,0.00009568,partir parto partió,false,false
775,caliente,adj,38958,0.00009566,caliente calientes,false,false
776,delante,adv,38898,0.00009552,delante,false,false
777,sufrir,verb,38889,0.00009549,sufrir sufriendo sufrió,false,false
778,simple,adj,38860,0.00009542,simple simples,false,false
779,basura,noun,38848,0.00009539,basura basuras,false,false
780,color,noun,38684,0.00009499,color colores,false,false
781,libertad,noun,38605,0.00009480,libertad libertades,false,false
782,encargar,verb,38501,0.00009454,encargaré encargarme encárgate,false,false
783,interesar,verb,38351,0.00009417,interesa interesan interese,false,false
784,iglesia,noun,38304,0.00009406,iglesia iglesias,false,false
785,pista,noun,38184,0.00009376,pista pistas,false,false
786,honor,noun,38158,0.00009370,honor honores,false,false
787,limpio,adj,38033,0.00009339,limpio limpia limpias,false,false
788,agradable,adj,37841,0.00009292,agradable agradables,false,false
789,acompañar,verb,37828,0.00009289,acompaño acompañe acompañarme,false,false
790,opción,noun,37803,0.00009283,opción opciones,false,false
791,misión,noun,37793,0.00009280,misión misiones,false,false
792,rato,noun,37744,0.00009268,rato ratos,false,false
793,derecha,noun,37698,0.00009257,derecha derechas,false,false
794,oler,verb,37648,0.00009245,huele oler hueles,false,false
795,compartir,verb,37622,0.00009238,compartir compartimos comparte,false,false
796,descansar,verb,37540,0.00009218,descansar descansa descanse,false,false
797,dudar,verb,37534,0.00009217,dudo duda dudar,true,false
798,opinión,noun,37516,0.00009212,opinión opiniones,false,false
799,oro,noun,37500,0.00009208,oro,false,false
800,golpe,noun,37489,0.00009206,golpe golpes,false,false
801,dedo,noun,37474,0.00009202,dedos dedo,false,false
802,prestar,verb,37448,0.00009196,prestado presta prestar,false,false
803,cocina,noun,37319,0.00009164,cocina cocinas,false,false
804,bomba,noun,37316,0.00009163,bomba bombas,false,false
805,cumplir,verb,37295,0.00009158,cumplir cumple cumplió,false,false
806,infierno,noun,37255,0.00009148,infierno infiernos,false,false
807,nervioso,adj,37214,0.00009138,nervioso nerviosa nerviosos,false,false
808,baile,noun,37211,0.00009137,baile bailes,false,false
809,pensado,adj,37163,0.00009126,pensado pensada,false,false
810,informe,noun,37101,0.00009110,informe informes,false,false
811,construir,verb,37080,0.00009105,construir construyó construyendo,false,false
812,salud,noun,37016,0.00009090,salud,false,false
813,aun,adv,36908,0.00009063,aun,false,false
814,según,prep,36882,0.00009057,según,false,false
815,departamento,noun,36868,0.00009053,departamento departamentos,false,false
816,orgulloso,adj,36825,0.00009043,orgulloso orgullosa orgullosos,false,false
817,estudiar,verb,36809,0.00009039,estudiar estudiando estudiado,false,false
818,besar,verb,36652,0.00009000,besar bésame besarte,false,false
819,zona,noun,36441,0.00008948,zona zonas,false,false
820,ante,prep,36426,0.00008945,ante,false,false
821,luna,noun,36371,0.00008931,luna lunas,false,false
822,base,noun,36348,0.00008926,base bases,false,false
823,enamorado,adj,36332,0.00008922,enamorado enamorada enamorados,false,false
824,ángel,noun,36325,0.00008920,ángeles ángel,false,false
825,causa,noun,36321,0.00008919,causa causas,false,false
826,falso,adj,36277,0.00008908,falso falsa falsas,false,false
827,engañar,verb,36276,0.00008908,engañar engañando engañó,false,false
828,encantado,adj,36271,0.00008907,encantado encantada encantados,false,false
829,mayoría,noun,36167,0.00008881,mayoría,false,false
830,energía,noun,36163,0.00008880,energía energías,false,false
831,bolsa,noun,36160,0.00008879,bolsa bolsas,false,false
832,árbol,noun,36142,0.00008875,árbol árboles,false,false
833,carne,noun,36093,0.00008863,carne carnes,false,false
834,posición,noun,36049,0.00008852,posición posiciones,false,false
835,controlar,verb,36005,0.00008841,controlar controla controlarlo,false,false
836,flor,noun,35995,0.00008839,flores flor,false,false
837,llama,noun,35985,0.00008836,llamas,false,false
838,entrada,noun,35957,0.00008830,entrada entradas,false,false
839,obra,noun,35919,0.00008820,obra obras,false,false
840,nivel,noun,35911,0.00008818,nivel niveles,false,false
841,utilizar,verb,35862,0.00008806,utilizar utiliza utilizando,false,false
842,varios,pron,35842,0.00008801,varios varias,false,false
843,cometer,verb,35828,0.00008798,cometer cometió cometí,false,false
844,veras,noun,35817,0.00008795,veras,false,false
845,discutir,verb,35798,0.00008790,discutir discutiendo discutimos,false,false
846,doctora,noun,35772,0.00008784,doctora,false,false
847,esperanza,noun,35687,0.00008763,esperanza esperanzas,false,false
848,diferencia,noun,35532,0.00008725,diferencia diferencias,true,false
,perra,noun,35522,0.00008723,perra perras,false,true
849,zapato,noun,35513,0.00008720,zapatos zapato,false,false
850,azul,adj,35489,0.00008715,azul azules,false,false
851,guapo,adj,35445,0.00008704,guapo guapa guapos,false,false
852,adentro,adv,35406,0.00008694,adentro,false,false
853,apagar,verb,35383,0.00008689,apaga apagar apagado,false,false
854,resultado,noun,35382,0.00008688,resultado resultados,false,false
855,entero,adj,35333,0.00008676,entero entera enteras,false,false
856,enseguida,adv,35331,0.00008676,enseguida,false,false
857,planeta,noun,35320,0.00008673,planeta planetas,false,false
858,especie,noun,35254,0.00008657,especie especies,false,false
859,tarjeta,noun,35189,0.00008641,tarjeta tarjetas,false,false
860,privado,adj,35164,0.00008635,privado privada privados,false,false
861,reina,noun,35137,0.00008628,reina reinas,false,false
862,estudio,noun,35095,0.00008618,estudio estudios,false,false
863,chino,adj,35064,0.00008610,china chino chinos,false,false
864,máquina,noun,35023,0.00008600,máquina máquinas,false,false
865,americano,adj,34980,0.00008590,americano americanos americana,false,false
866,imagen,noun,34917,0.00008574,imagen imágenes imagenes,false,false
867,temprano,adv,34855,0.00008559,temprano temprana,false,false
868,prisión,noun,34820,0.00008550,prisión prisiones,false,false
869,estación,noun,34819,0.00008550,estación estaciones estaciona,false,false
870,viajar,verb,34751,0.00008533,viajar viajando viaja,false,false
871,excelente,adj,34541,0.00008482,excelente excelentes,false,false
872,enterar,verb,34522,0.00008477,enteré enteró entere,false,false
873,finalmente,adv,34516,0.00008476,finalmente,false,false
874,invitado,adj,34511,0.00008474,invitado invitados invitada,false,false
875,agarrar,verb,34487,0.00008469,agarra agarrar agarró,false,false
876,inglés,noun,34468,0.00008464,inglés ingleses inglesa,false,false
877,fantástico,adj,34378,0.00008442,fantástico fantástica fantásticos,false,false
878,limpiar,verb,34346,0.00008434,limpiar limpiando limpiarlo,false,false
879,hogar,noun,34281,0.00008418,hogar hogares,false,false
880,posibilidad,noun,34263,0.00008414,posibilidad posibilidades,false,false
881,banda,noun,34261,0.00008413,banda bandas,false,false
882,juez,noun,34208,0.00008400,juez jueces,false,false
883,demostrar,verb,34170,0.00008391,demostrar demuestra demostrarlo,false,false
884,extrañar,verb,34159,0.00008388,extraña extrañar extrañaré,false,false
885,sentimiento,noun,34126,0.00008380,sentimientos sentimiento,false,false
886,arruinar,verb,34117,0.00008378,arruinar arruinó arruinaste,false,false
887,acostar,verb,34104,0.00008375,acostarse acostarme acostarte,false,false
888,bromear,verb,34101,0.00008374,bromeando bromeaba bromear,false,false
,joder,verb,34010,0.00008351,joder joderse joderlo,false,true
889,apenas,adv,33969,0.00008341,apenas,false,false
890,destino,noun,33880,0.00008319,destino destinos,false,false
891,visita,noun,33862,0.00008315,visita visitas,false,false
892,motivo,noun,33822,0.00008305,motivo motivos,false,false
893,operación,noun,33797,0.00008299,operación operaciones,false,false
894,juicio,noun,33784,0.00008296,juicio juicios,false,false
895,oscuro,adj,33697,0.00008275,oscuro oscura oscuras,false,false
896,miembro,noun,33684,0.00008271,miembro miembros,false,false
897,metro,noun,33526,0.00008233,metros metro,false,false
,sargento,noun,33525,0.00008232,sargento sargentos,false,true
898,porqué,noun,33393,0.00008200,porqué,false,false
899,sobrevivir,verb,33373,0.00008195,sobrevivir sobrevivió sobrevive,false,false
900,movimiento,noun,33356,0.00008191,movimiento movimientos,false,false
901,éxito,noun,33312,0.00008180,éxito éxitos,false,false
902,admitir,verb,33231,0.00008160,admitir admito admitirlo,false,false
903,pareja,noun,33117,0.00008132,pareja parejas,false,false
904,experiencia,noun,33104,0.00008129,experiencia experiencias,false,false
905,felicidad,noun,33087,0.00008125,felicidad felicidades,false,false
,bala,noun,33065,0.00008119,bala balas,false,true
906,sorprender,verb,33034,0.00008112,sorprende sorprendió sorprendería,false,false
907,negar,verb,33007,0.00008105,niega niego negar,false,false
908,avisar,verb,32881,0.00008074,avisar avísame avisado,false,false
909,precio,noun,32792,0.00008052,precio precios,false,false
910,aguantar,verb,32790,0.00008052,aguanta aguantar aguanto,false,false
911,asesinado,adj,32783,0.00008050,asesinado asesinada asesinados,false,false
912,objetivo,noun,32751,0.00008042,objetivo objetivos objetiva,false,false
913,principal,adj,32732,0.00008038,principal principales,false,false
914,exacto,adj,32731,0.00008037,exacto exacta exactos,false,false
915,inocente,adj,32705,0.00008031,inocente inocentes,false,false
916,investigar,verb,32663,0.00008021,investigando investigar investigado,false,false
917,apuesto,adj,32631,0.00008013,apuesto apuestos,false,false
918,salida,noun,32609,0.00008007,salida salidas,false,false
919,radio,noun,32577,0.00008000,radio radios,false,false
920,ejemplo,noun,32562,0.00007996,ejemplo ejemplos,false,false
921,vigilar,verb,32510,0.00007983,vigilando vigila vigilar,false,false
922,quemar,verb,32508,0.00007983,quemar quema quemó,false,false
923,culpable,adj,32442,0.00007966,culpable culpables,false,false
924,depender,verb,32427,0.00007963,depende dependiendo depender,false,false
925,despedir,verb,32418,0.00007960,despedirme despedir despidieron,false,false
926,valor,noun,32388,0.00007953,valor valores,false,false
927,duda,noun,32335,0.00007940,duda dudas,true,false
928,norte,noun,32319,0.00007936,norte,false,false
929,culpar,verb,32234,0.00007915,culpa culpar culparme,true,false
930,pesar,noun,32232,0.00007915,pesar pesa pesan,false,false
,coronel,noun,32219,0.00007912,coronel,false,true
931,estupendo,adj,32202,0.00007907,estupendo estupenda estupendos,false,false
932,té,noun,32049,0.00007870,té,false,false
933,elección,noun,32031,0.00007865,elección elecciones,false,false
934,excepto,prep,32005,0.00007859,excepto,false,false
,sospechoso,adj,31974,0.00007851,sospechoso sospechosos sospechosa,false,true
935,pared,noun,31873,0.00007827,pared paredes,false,false
936,enfrentar,verb,31854,0.00007822,enfrentar enfrentarse enfrenta,false,false
937,visitar,verb,31817,0.00007813,visitar visitarme visitando,false,false
938,amenazar,verb,31729,0.00007791,amenaza amenazó amenazando,false,false
939,tontería,noun,31718,0.00007789,tonterías tontería,false,false
940,calma,noun,31694,0.00007783,calma calmas,false,false
941,toque,noun,31693,0.00007782,toque toques,false,false
942,asustado,adj,31574,0.00007753,asustado asustada asustados,false,false
943,herida,noun,31567,0.00007752,herida heridas,false,false
944,saltar,verb,31348,0.00007698,saltar saltó saltando,false,false
945,soportar,verb,31255,0.00007675,soportar soporto soportarlo,false,false
,pistola,noun,31218,0.00007666,pistola pistolas,false,true
946,mudar,verb,31152,0.00007650,mudó mudarse mudar,false,false
947,cubrir,verb,31148,0.00007649,cubrir cubre cubriendo,false,false
948,gato,noun,31148,0.00007649,gato gatos,false,false
949,debido,adj,31135,0.00007645,debido debida,false,false
950,cuestión,noun,31122,0.00007642,cuestión cuestiones,false,false
951,francés,adj,30923,0.00007593,francés franceses francesa,false,false
952,común,adj,30918,0.00007592,común comunes,false,false
953,comprobar,verb,30877,0.00007582,comprobar comprobado comprobarlo,false,false
954,pertenecer,verb,30843,0.00007574,pertenece pertenecen pertenecía,false,false
955,río,noun,30764,0.00007554,río ríos,false,false
956,isla,noun,30669,0.00007531,isla islas,false,false
957,sucio,adj,30594,0.00007513,sucio sucia sucios,false,false
958,respecto,noun,30525,0.00007496,respecto,false,false
959,regreso,noun,30519,0.00007494,regreso,false,false
960,héroe,noun,30348,0.00007452,héroe héroes,false,false
,imbécil,adj,30333,0.00007449,imbécil imbéciles,false,true
961,nena,noun,30309,0.00007443,nena nenas,false,false
962,marcar,verb,30304,0.00007441,marca marcar marqués,false,false
963,apartamento,noun,30301,0.00007441,apartamento apartamentos,false,false
964,debajo,adv,30209,0.00007418,debajo,false,false
965,escrito,adj,30197,0.00007415,escrito escrita escritos,false,false
966,hallar,verb,30165,0.00007407,hallar hallamos hallado,false,false
967,colega,noun,30150,0.00007404,colega colegas,false,false
968,familiar,adj,30121,0.00007396,familiar familiares,false,false
969,brillante,adj,30060,0.00007381,brillante brillantes,false,false
970,ridículo,adj,30028,0.00007374,ridículo ridícula ridículos,false,false
971,retirar,verb,29908,0.00007344,retirarse retirar retiró,false,false
972,huevo,noun,29761,0.00007308,huevos huevo,false,false
973,vuelo,noun,29688,0.00007290,vuelo vuelos,false,false
974,relajar,verb,29687,0.00007290,relájate relajarte relajarse,false,false
975,gay,noun,29668,0.00007285,gay gays,false,false
976,nacer,verb,29663,0.00007284,nació nacer naciste,false,false
977,unidad,noun,29660,0.00007283,unidad unidades,false,false
978,empresa,noun,29658,0.00007283,empresa empresas,false,false
979,cruzar,verb,29648,0.00007280,cruzar cruzando cruza,false,false
980,mencionar,verb,29645,0.00007280,mencionar mencionó mencioné,false,false
981,sugerir,verb,29591,0.00007266,sugiero sugiere sugiriendo,false,false
982,copa,noun,29574,0.00007262,copa copas,false,false
983,fumar,verb,29554,0.00007257,fumar fumando fuma,false,false
984,bosque,noun,29549,0.00007256,bosque bosques,false,false
985,beso,noun,29539,0.00007254,beso besos,false,false
986,lanzar,verb,29461,0.00007234,lanzar lance lanzó,false,false
987,enorme,adj,29438,0.00007229,enorme enormes,false,false
988,vacío,adj,29427,0.00007226,vacío vacía vacías,false,false
989,detalle,noun,29356,0.00007209,detalles detalle,false,false
990,vistazo,noun,29316,0.00007199,vistazo,false,false
991,interior,noun,29308,0.00007197,interior interiores,false,false
992,marcha,noun,29239,0.00007180,marcha marchas,false,false
,comandante,noun,29188,0.00007167,comandante comandantes,false,true
993,doble,adj,29138,0.00007155,doble dobles,false,false
994,repetir,verb,29028,0.00007128,repito repetir repite,false,false
995,arte,noun,29011,0.00007124,arte,false,false
996,alemán,adj,29000,0.00007121,alemanes alemán alemana,false,false
997,bello,adj,28869,0.00007089,bella bello bellas,false,false
998,estudiante,noun,28864,0.00007088,estudiante estudiantes,false,false
999,batalla,noun,28843,0.00007083,batalla batallas,false,false
1000,sur,noun,28775,0.00007066,sur,false,false
1001,desaparecido,adj,28770,0.00007065,desaparecido desaparecida desaparecidos,false,false
1002,piel,noun,28747,0.00007059,piel pieles,false,false
1003,permanecer,verb,28727,0.00007054,permanecer permanece permanezca,false,false
1004,gana,noun,28649,0.00007035,ganas,false,false
1005,herido,adj,28641,0.00007033,herido heridos,false,false
1006,riesgo,noun,28638,0.00007032,riesgo riesgos,false,false
1007,causar,verb,28630,0.00007030,causar causado causó,false,false
1008,estilo,noun,28502,0.00006999,estilo estilos,false,false
1009,asiento,noun,28441,0.00006984,asiento asientos,false,false
1010,conversación,noun,28404,0.00006975,conversación conversaciones,false,false
1011,trampa,noun,28369,0.00006966,trampa trampas,false,false
1012,absoluto,adj,28324,0.00006955,absoluto absoluta,false,false
1013,trago,noun,28308,0.00006951,trago tragos,false,false
1014,menudo,noun,28249,0.00006937,menudo menuda menudos,false,false
1015,fantasma,noun,28236,0.00006934,fantasma fantasmas,false,false
1016,dispuesto,adj,28168,0.00006917,dispuesto dispuesta dispuestos,false,false
1017,camión,noun,28076,0.00006894,camión camiones,false,false
1018,pedido,adj,28028,0.00006882,pedido pedidos pedida,false,false
1019,ciento,num,27976,0.00006870,cientos ciento,false,false
1020,lastimar,verb,27969,0.00006868,lastimado lastimar lastimarte,false,false
1021,piedra,noun,27887,0.00006848,piedra piedras,false,false
1022,monstruo,noun,27885,0.00006847,monstruo monstruos,false,false
1023,rendir,verb,27848,0.00006838,rindo rendirse rindas,false,false
1024,registro,noun,27777,0.00006821,registro registros,false,false
1025,parado,adj,27776,0.00006821,parada parado parados,false,false
1026,periódico,noun,27689,0.00006799,periódico periódicos periódica,false,false
,asesinar,verb,27658,0.00006792,asesina asesinó asesinar,false,true
1027,famoso,adj,27644,0.00006788,famoso famosa famosos,false,false
,majestad,noun,27624,0.00006783,majestad majestades,false,true
1028,montaña,noun,27616,0.00006781,montaña montañas,false,false
1029,ojalá,interj,27609,0.00006780,ojalá,false,false
1030,anillo,noun,27562,0.00006768,anillo anillos,false,false
1031,responsable,adj,27554,0.00006766,responsable responsables,false,false
1032,gordo,adj,27524,0.00006759,gordo gorda gordos,false,false
1033,huella,noun,27509,0.00006755,huellas huella,false,false
1034,nueve,num,27477,0.00006747,nueve,false,false
1035,definitivamente,adv,27474,0.00006746,definitivamente,false,false
1036,diente,noun,27468,0.00006745,dientes diente,false,false
1037,cuello,noun,27442,0.00006739,cuello cuellos,false,false
1038,apostar,verb,27435,0.00006737,apuesta apostar apostaría,false,false
1039,guardia,noun,27405,0.00006730,guardia,false,false
1040,colgar,verb,27291,0.00006702,colgar cuelga colgando,false,false
1041,enfermedad,noun,27256,0.00006693,enfermedad enfermedades,false,false
1042,fallar,verb,27238,0.00006689,falla fallado fallar,false,false
1043,verde,adj,27194,0.00006678,verde verdes,false,false
1044,efecto,noun,27093,0.00006653,efecto efectos,false,false
1045,profundo,adj,27052,0.00006643,profundo profunda profundas,false,false
1046,ocultar,verb,27042,0.00006640,ocultar oculta ocultando,false,false
1047,pantalón,noun,26977,0.00006624,pantalones pantalón,false,false
1048,pasado,adj,26893,0.00006604,pasada pasados pasadas,false,false
1049,convencer,verb,26890,0.00006603,convencer convenció convencerme,false,false
1050,repente,noun,26871,0.00006598,repente,false,false
1051,restaurante,noun,26851,0.00006593,restaurante restaurantes,false,false
1052,directo,adj,26848,0.00006593,directo directa directos,false,false
1053,vecino,noun,26846,0.00006592,vecinos vecino vecina,false,false
1054,sexual,adj,26820,0.00006586,sexual sexuales,false,false
1055,embarazado,adj,26807,0.00006583,embarazada embarazadas embarazado,false,false
1056,sal,noun,26781,0.00006576,sal sales,true,false
1057,botella,noun,26730,0.00006564,botella botellas,false,false
1058,sonido,noun,26574,0.00006525,sonido sonidos,false,false
1059,defensa,noun,26540,0.00006517,defensa defensas,false,false
1060,deseo,noun,26534,0.00006516,deseo deseos,true,false
1061,presión,noun,26527,0.00006514,presión presiones,false,false
1062,acaso,adv,26523,0.00006513,acaso,false,false
1063,verano,noun,26486,0.00006504,verano,false,false
1064,dormido,adj,26440,0.00006493,dormido dormida dormidos,false,false
1065,turno,noun,26360,0.00006473,turno turnos,false,false
1066,olvidado,adj,26355,0.00006472,olvidado olvidada olvidados,false,false
1067,red,noun,26342,0.00006468,red redes,false,false
1068,roto,adj,26341,0.00006468,roto rotos rotas,false,false
1069,ruido,noun,26233,0.00006442,ruido ruidos,false,false
1070,vos,pron,26194,0.00006432,vos,false,false
1071,ladrón,noun,26184,0.00006430,ladrón ladrones,false,false
1072,alcanzar,verb,26156,0.00006423,alcanzar alcanza alcanzó,false,false
1073,laboratorio,noun,26110,0.00006412,laboratorio laboratorios,false,false
1074,silla,noun,26109,0.00006411,silla sillas,false,false
1075,código,noun,26094,0.00006408,código códigos,false,false
1076,rayo,noun,26060,0.00006399,rayos rayo,false,false
1077,nariz,noun,26050,0.00006397,nariz narices,false,false
1078,ordenar,verb,26046,0.00006396,ordenó ordenar ordeno,false,false
1079,emergencia,noun,25995,0.00006383,emergencia emergencias,false,false
1080,compra,noun,25928,0.00006367,compras compra,false,false
1081,justicia,noun,25899,0.00006360,justicia,false,false
1082,condición,noun,25895,0.00006359,condiciones condición,false,false
1083,atrapado,adj,25887,0.00006357,atrapado atrapados atrapada,false,false
1084,cerdo,noun,25875,0.00006354,cerdo cerdos,false,false
,disparo,noun,25865,0.00006351,disparo disparos,false,true
1085,interés,noun,25856,0.00006349,interés intereses,false,false
1086,obviamente,adv,25797,0.00006335,obviamente,false,false
1087,firmar,verb,25777,0.00006330,firmar firmó firmé,false,false
1088,planear,verb,25715,0.00006315,planeando planea planear,false,false
1089,observar,verb,25713,0.00006314,observando observa observar,false,false
1090,militar,adj,25683,0.00006307,militar militares,false,false
1091,calor,noun,25680,0.00006306,calor,false,false
1092,proyecto,noun,25665,0.00006302,proyecto proyectos,false,false
,jodido,adj,25660,0.00006301,jodido jodida jodidos,false,true
1093,pedazo,noun,25613,0.00006289,pedazo pedazos,false,false
1094,mejorar,verb,25563,0.00006277,mejorar mejora mejorando,false,false
1095,reloj,noun,25546,0.00006273,reloj relojes,false,false
1096,defender,verb,25540,0.00006272,defender defenderse defendiendo,false,false
1097,cine,noun,25538,0.00006271,cine cines,false,false
1098,memoria,noun,25505,0.00006263,memoria memorias,false,false
1099,intención,noun,25467,0.00006254,intención intenciones,false,false
1100,largar,verb,25463,0.00006253,lárgate larguémonos lárguense,false,false
1101,liberar,verb,25456,0.00006251,liberar libera liberó,false,false
1102,absolutamente,adv,25418,0.00006242,absolutamente,false,false
1103,política,noun,25418,0.00006242,política políticas,false,false
1104,separar,verb,25414,0.00006241,separar separarnos separamos,false,false
1105,propósito,noun,25305,0.00006214,propósito propósitos,false,false
1106,contestar,verb,25285,0.00006209,contestar contestó contéstame,false,false
1107,celebrar,verb,25276,0.00006207,celebrar celebrando celebrarlo,false,false
1108,vacación,noun,25186,0.00006185,vacaciones vacación,false,false
1109,decidido,adj,25182,0.00006184,decidido decidida decididos,false,false
1110,criminal,adj,25166,0.00006180,criminal criminales,false,false
1111,taxi,noun,25147,0.00006175,taxi taxis,false,false
1112,profesional,adj,25043,0.00006150,profesional profesionales,false,false
1113,contrario,adj,24889,0.00006112,contrario contraria contrarios,false,false
1114,local,adj,24858,0.00006104,local locales,false,false
1115,grave,adj,24830,0.00006097,grave graves,false,false
1116,tiro,noun,24823,0.00006095,tiro tiros,false,false
1117,ruso,adj,24814,0.00006093,rusos ruso rusa,false,false
1118,evidencia,noun,24804,0.00006091,evidencia evidencias,false,false
1119,lucha,noun,24801,0.00006090,lucha luchas,false,false
1120,soñar,verb,24796,0.00006089,soñando soñar soñé,false,false
1121,confianza,noun,24733,0.00006073,confianza,false,false
1122,distinto,adj,24729,0.00006072,distinto distintas distinta,false,false
1123,cuchillo,noun,24686,0.00006062,cuchillo cuchillos,false,false
1124,informar,verb,24671,0.00006058,informar informó informa,false,false
1125,especialmente,adv,24660,0.00006055,especialmente,false,false
1126,diario,adj,24634,0.00006049,diario diarios diaria,false,false
1127,robo,noun,24593,0.00006039,robo robos,false,false
1128,contratar,verb,24547,0.00006028,contratar contrató contraté,false,false
1129,adivinar,verb,24531,0.00006024,adivina adivinar adivinen,false,false
1130,victoria,noun,24528,0.00006023,victoria victorias,false,false
1131,líder,noun,24484,0.00006012,líder líderes,false,false
1132,cabo,noun,24461,0.00006007,cabo cabos,false,false
1133,cantidad,noun,24420,0.00005997,cantidad cantidades,false,false
1134,inmediatamente,adv,24410,0.00005994,inmediatamente,false,false
1135,necesidad,noun,24285,0.00005963,necesidad necesidades,false,false
1136,puro,adj,24137,0.00005927,pura puro puros,false,false
1137,menor,adj,24042,0.00005904,menor menores,false,false
1138,bola,noun,24027,0.00005900,bola bolas,false,false
1139,presente,adj,23964,0.00005885,presente presentes,false,false
1140,borracho,adj,23960,0.00005884,borracho borrachos,false,false
1141,renunciar,verb,23957,0.00005883,renunciar renuncia renunció,false,false
1142,fingir,verb,23938,0.00005878,fingir fingiendo finge,false,false
1143,plato,noun,23937,0.00005878,plato platos,false,false
1144,viento,noun,23910,0.00005871,viento vientos,false,false
1145,pieza,noun,23800,0.00005844,pieza piezas,false,false
1146,contento,adj,23753,0.00005833,contento contentos,false,false
1147,judío,noun,23746,0.00005831,judíos judío judía,false,false
1148,área,noun,23728,0.00005827,área áreas,false,false
1149,espíritu,noun,23706,0.00005821,espíritu,false,false
1150,equivocar,verb,23626,0.00005802,equivoco equivoca equivocó,false,false
1151,lavar,verb,23626,0.00005802,lavar lava lavando,false,false
,puto,adj,23612,0.00005798,puto putos,false,true
1152,arrestar,verb,23533,0.00005779,arrestar arrestaron arresten,false,false
1153,colegio,noun,23526,0.00005777,colegio colegios,false,false
1154,apoyar,verb,23523,0.00005776,apoyar apoya apoyado,false,false
1155,fe,noun,23518,0.00005775,fe,false,false
1156,interesado,adj,23455,0.00005760,interesado interesada interesados,false,false
1157,enojado,adj,23411,0.00005749,enojado enojada enojados,false,false
1158,honesto,adj,23332,0.00005729,honesto honesta honestos,false,false
,bastardo,noun,23286,0.00005718,bastardo bastardos,false,true
,cadáver,noun,23277,0.00005716,cadáver cadáveres,false,true
1159,leche,noun,23267,0.00005713,leche,false,false
1160,aburrido,adj,23240,0.00005707,aburrido aburrida aburridos,false,false
1161,apuntar,verb,23173,0.00005690,apunta apunto apuntando,false,false
1162,solamente,adv,23166,0.00005689,solamente,false,false
1163,medicina,noun,23161,0.00005687,medicina medicinas,false,false
1164,cubierto,adj,23159,0.00005687,cubierta cubierto cubiertos,false,false
1165,desastre,noun,23122,0.00005678,desastre desastres,false,false
1166,tercero,adj,23115,0.00005676,tercera tercero terceros,false,false
1167,correo,noun,23113,0.00005676,correo correos,false,false
1168,contrato,noun,23109,0.00005675,contrato contratos,false,false
1169,acto,noun,22983,0.00005644,acto actos,false,false
1170,cabello,noun,22958,0.00005638,cabello cabellos,false,false
1171,agujero,noun,22941,0.00005633,agujero agujeros,false,false
1172,cazar,verb,22930,0.00005631,caza cazar cazando,false,false
1173,deshacer,verb,22921,0.00005628,deshacerse deshacerme deshacer,false,false
1174,escalera,noun,22918,0.00005628,escaleras escalera,false,false
1175,pan,noun,22912,0.00005626,pan panes,false,false
1176,príncipe,noun,22912,0.00005626,príncipe príncipes,false,false
1177,playa,noun,22907,0.00005625,playa playas,false,false
1178,examen,noun,22876,0.00005617,examen exámenes examenes,false,false
1179,cinta,noun,22871,0.00005616,cinta cintas,false,false
1180,pecho,noun,22860,0.00005613,pecho pechos,false,false
1181,fuente,noun,22838,0.00005608,fuente fuentes,false,false
1182,bebida,noun,22788,0.00005596,bebida bebidas,false,false
1183,nacional,adj,22774,0.00005592,nacional nacionales,false,false
1184,autobús,noun,22735,0.00005583,autobús autobuses,false,false
1185,perseguir,verb,22704,0.00005575,persiguiendo persigue perseguir,false,false
1186,amante,noun,22665,0.00005566,amante amantes,false,false
1187,dueño,noun,22605,0.00005551,dueño dueños,false,false
1188,truco,noun,22558,0.00005539,truco trucos,false,false
1189,parque,noun,22555,0.00005539,parque parques,false,false
1190,gastar,verb,22501,0.00005525,gastar gastado gasta,false,false
1191,hielo,noun,22495,0.00005524,hielo hielos,false,false
1192,voto,noun,22461,0.00005515,votos voto,false,false
1193,rosa,noun,22432,0.00005508,rosa rosas,false,false
1194,hueso,noun,22411,0.00005503,huesos hueso,false,false
1195,dato,noun,22387,0.00005497,datos dato,false,false
1196,puente,noun,22379,0.00005495,puente puentes,false,false
1197,serie,noun,22307,0.00005478,serie series,false,false
1198,inspector,noun,22306,0.00005477,inspector inspectores,false,false
,coño,interj,22270,0.00005469,coño,false,true
1199,saludar,verb,22245,0.00005462,saluda saludar saludo,false,false
1200,prensa,noun,22244,0.00005462,prensa,false,false
1201,natural,adj,22237,0.00005460,natural naturales,false,false
1202,encender,verb,22227,0.00005458,encender enciende encienda,false,false
1203,inmediato,adj,22224,0.00005457,inmediato inmediata inmediatos,false,false
1204,grado,noun,22182,0.00005447,grado grados,false,false
1205,siglo,noun,22176,0.00005445,siglo siglos,false,false
1206,carga,noun,22149,0.00005439,carga cargas,false,false
1207,feo,adj,22130,0.00005434,feo fea feas,false,false
1208,video,noun,22120,0.00005432,video videos,false,false
1209,obligar,verb,22115,0.00005431,obligó obliga obligar,false,false
1210,complicado,adj,22111,0.00005430,complicado complicada complicadas,false,false
1211,velocidad,noun,22107,0.00005429,velocidad velocidades,false,false
1212,oferta,noun,22087,0.00005424,oferta ofertas,false,false
1213,favorito,adj,22082,0.00005422,favorito favoritos favoritas,false,false
1214,propiedad,noun,22055,0.00005416,propiedad propiedades,false,false
1215,pastel,noun,22040,0.00005412,pastel pasteles,false,false
,señoría,noun,22020,0.00005407,señoría señorías,false,true
1216,seguramente,adv,22019,0.00005407,seguramente,false,false
1217,papi,noun,22003,0.00005403,papi papis,false,false
1218,pez,noun,21965,0.00005394,pez peces,false,false
1219,naturaleza,noun,21922,0.00005383,naturaleza,false,false
1220,pintar,verb,21866,0.00005369,pinta pintar pintando,false,false
1221,disco,noun,21864,0.00005369,disco discos,false,false
1222,distancia,noun,21850,0.00005365,distancia distancias,false,false
1223,fijar,verb,21841,0.00005363,fíjate fija fíjese,false,false
1224,espectáculo,noun,21824,0.00005359,espectáculo espectáculos,false,false
1225,época,noun,21806,0.00005355,época épocas,false,false
1226,rogar,verb,21794,0.00005352,ruego ruega rogar,false,false
1227,responsabilidad,noun,21781,0.00005348,responsabilidad responsabilidades,false,false
1228,espada,noun,21753,0.00005342,espada espadas,false,false
1229,pelota,noun,21736,0.00005337,pelota pelotas,false,false
1230,papa,noun,21732,0.00005336,papa,false,false
1231,enfadado,adj,21703,0.00005329,enfadado enfadada enfadados,false,false
1232,artista,noun,21698,0.00005328,artista artistas,false,false
1233,llevado,adj,21698,0.00005328,llevado llevada llevados,false,false
1234,enfermera,noun,21678,0.00005323,enfermera enfermeras,false,false
1235,total,adj,21653,0.00005317,total totales,false,false
1236,perdido,adj,21565,0.00005295,perdida perdidos perdidas,false,false
1237,ministro,noun,21528,0.00005286,ministro ministros,false,false
1238,modelo,noun,21433,0.00005263,modelo modelos,false,false
1239,corto,adj,21388,0.00005252,corto cortos cortas,false,false
1240,paseo,noun,21373,0.00005248,paseo paseos,false,false
1241,desnudo,adj,21334,0.00005239,desnudo desnuda desnudos,false,false
1242,jurado,adj,21296,0.00005229,jurado jurados jurada,false,false
1243,montar,verb,21263,0.00005221,montar monta montando,false,false
1244,superar,verb,21257,0.00005220,superar superarlo supera,false,false
1245,asumir,verb,21244,0.00005217,asumir asumo asumiendo,false,false
1246,suficientemente,adv,21229,0.00005213,suficientemente,false,false
1247,juzgar,verb,21173,0.00005199,juzgado juzgar juzgando,false,false
1248,social,adj,21165,0.00005197,social sociales,false,false
1249,sombrero,noun,21144,0.00005192,sombrero sombreros,false,false
1250,superior,adj,21139,0.00005191,superior superiores superiora,false,false
1251,valiente,adj,21111,0.00005184,valiente valientes,false,false
1252,universo,noun,21095,0.00005180,universo universos,false,false
1253,princesa,noun,21083,0.00005177,princesa princesas,false,false
1254,belleza,noun,21038,0.00005166,belleza bellezas,false,false
1255,pollo,noun,21028,0.00005164,pollo pollos,false,false
1256,robado,adj,20977,0.00005151,robado robados robadas,false,false
1257,científico,noun,20964,0.00005148,científico científicos científica,false,false
1258,sujeto,adj,20947,0.00005144,sujeto sujetos sujeta,false,false
1259,jardín,noun,20923,0.00005138,jardín jardines,false,false
1260,descanso,noun,20922,0.00005138,descanso descansos,false,false
1261,quieto,adj,20905,0.00005133,quieto quietos quietas,false,false
1262,apoyo,noun,20893,0.00005130,apoyo apoyos,false,false
1263,declarar,verb,20886,0.00005129,declarar declarado declaro,false,false
1264,seguido,adj,20866,0.00005124,seguido seguida seguidos,false,false
1265,mirada,noun,20796,0.00005107,mirada miradas,false,false
1266,socio,noun,20767,0.00005099,socio socios,false,false
1267,adulto,adj,20739,0.00005093,adultos adulto adulta,false,false
1268,teoría,noun,20707,0.00005085,teoría teorías,false,false
1269,premio,noun,20705,0.00005084,premio premios,false,false
1270,mercado,noun,20696,0.00005082,mercado mercados,false,false
1271,sociedad,noun,20687,0.00005080,sociedad sociedades,false,false
1272,inventar,verb,20682,0.00005079,inventó inventado inventar,false,false
1273,tarea,noun,20652,0.00005071,tarea tareas,false,false
1274,pensamiento,noun,20601,0.00005059,pensamientos pensamiento,false,false
1275,charlar,verb,20475,0.00005028,charla charlar charlas,false,false
1276,pago,noun,20474,0.00005028,pago pagos,false,false
1277,domingo,noun,20418,0.00005014,domingo domingos,false,false
1278,aspecto,noun,20377,0.00005004,aspecto aspectos,false,false
1279,extra,adj,20326,0.00004991,extra extras,false,false
1280,físico,adj,20321,0.00004990,física físico físicos,false,false
1281,tardar,verb,20308,0.00004987,tardará tardar tarda,false,false
1282,magia,noun,20292,0.00004983,magia,false,false
1283,helado,adj,20222,0.00004966,helado helados helada,false,false
1284,inútil,adj,20217,0.00004964,inútil inútiles,false,false
1285,vergüenza,noun,20189,0.00004958,vergüenza,false,false
1286,escoger,verb,20164,0.00004951,escoger escoge escogió,false,false
1287,uso,noun,20159,0.00004950,uso usos,false,false
1288,rezar,verb,20139,0.00004945,rezar reza rezo,false,false
1289,declaración,noun,20114,0.00004939,declaración declaraciones,false,false
1290,adorar,verb,20041,0.00004921,adoro adora adoran,false,false
1291,arriesgar,verb,20023,0.00004917,arriesgar arriesgarme arriesgarse,false,false
1292,muchísimo,adv,20017,0.00004915,muchísimo muchísimas muchísima,false,false
1293,carretera,noun,20010,0.00004914,carretera carreteras,false,false
1294,armado,adj,19990,0.00004909,armada armado armados,false,false
1295,página,noun,19910,0.00004889,página páginas,false,false
1296,fiscal,noun,19902,0.00004887,fiscal fiscales,false,false
1297,sabio,adj,19891,0.00004884,sabia sabio sabias,false,false
1298,incluir,verb,19838,0.00004871,incluyendo incluye incluir,false,false
1299,viernes,noun,19829,0.00004869,viernes,false,false
1300,central,adj,19818,0.00004866,central centrales,false,false
1301,ex,adj,19776,0.00004856,ex,false,false
1302,poderoso,adj,19759,0.00004852,poderoso poderosa poderosas,false,false
1303,pájaro,adj,19744,0.00004848,pájaro pájaros,false,false
1304,criatura,noun,19725,0.00004844,criatura criaturas,false,false
1305,formar,verb,19691,0.00004835,formar forman formando,false,false
1306,ciencia,noun,19672,0.00004831,ciencia ciencias,false,false
1307,vencer,verb,19645,0.00004824,vencer vencido venció,false,false
1308,habilidad,noun,19628,0.00004820,habilidades habilidad,false,false
1309,parecido,adj,19609,0.00004815,parecido parecida parecidos,false,false
1310,bruja,noun,19587,0.00004810,bruja brujas,false,false
1311,talento,noun,19546,0.00004800,talento talentos,false,false
1312,cercano,adj,19514,0.00004792,cercano cercana cercanos,false,false
1313,apurar,verb,19450,0.00004776,apúrate apúrense apurado,false,false
1314,meta,noun,19406,0.00004765,meta metas,false,false
1315,oeste,noun,19385,0.00004760,oeste,false,false
1316,despacio,adv,19378,0.00004758,despacio,false,false
1317,venta,noun,19352,0.00004752,venta ventas,false,false
1318,advertir,verb,19334,0.00004748,advierto advertí advirtió,false,false
1319,metido,adj,19332,0.00004747,metido metidos metidas,false,false
1320,costa,noun,19309,0.00004741,costa costas,false,false
1321,directamente,adv,19298,0.00004739,directamente,false,false
1322,llenar,verb,19298,0.00004739,llenar llenó llenando,false,false
1323,grandioso,adj,19242,0.00004725,grandioso grandiosa grandiosos,false,false
1324,motor,noun,19214,0.00004718,motor motores,false,false
1325,notar,verb,19188,0.00004712,noté notar noto,false,false
1326,pérdida,noun,19177,0.00004709,pérdida pérdidas,false,false
1327,salvaje,adj,19168,0.00004707,salvaje salvajes,false,false
1328,kilómetro,noun,19147,0.00004702,kilómetros kilómetro,false,false
1329,jugador,noun,19129,0.00004697,jugador jugadores jugadora,false,false
1330,puesto,adj,19121,0.00004695,puestos puesta puestas,false,false
1331,pintura,noun,19108,0.00004692,pintura pinturas,false,false
1332,copia,noun,19107,0.00004692,copia copias,false,false
1333,últimamente,adv,19064,0.00004681,últimamente,false,false
1334,humor,noun,18982,0.00004661,humor,false,false
1335,bote,noun,18977,0.00004660,bote botes,false,false
1336,gas,noun,18952,0.00004654,gas gases,false,false
1337,computadora,noun,18939,0.00004651,computadora computadoras,false,false
1338,pretender,verb,18935,0.00004650,pretende pretendía pretendo,false,false
1339,cargar,verb,18920,0.00004646,cargar cargando carguen,false,false
1340,material,adj,18918,0.00004645,material materiales,false,false
1341,tribunal,noun,18895,0.00004640,tribunal tribunales,false,false
1342,peso,noun,18884,0.00004637,peso,false,false
1343,conexión,noun,18830,0.00004624,conexión conexiones,false,false
1344,adecuado,adj,18824,0.00004622,adecuado adecuada adecuadas,false,false
1345,acceso,noun,18823,0.00004622,acceso accesos,false,false
1346,sospechar,verb,18819,0.00004621,sospecha sospecho sospechar,false,false
,cabrón,noun,18790,0.00004614,cabrón cabrones,false,true
1347,oscuridad,noun,18776,0.00004611,oscuridad,false,false
1348,usado,adj,18772,0.00004610,usado usada usados,false,false
1349,comienzo,noun,18750,0.00004604,comienzo comienzos,false,false
1350,teatro,noun,18746,0.00004603,teatro teatros,false,false
1351,visión,noun,18714,0.00004595,visión visiones,false,false
1352,camisa,noun,18708,0.00004594,camisa camisas,false,false
1353,escenario,noun,18690,0.00004589,escenario escenarios,false,false
1354,durar,verb,18676,0.00004586,durar durará duró,false,false
1355,almuerzo,noun,18664,0.00004583,almuerzo almuerzos,false,false
1356,explotar,verb,18662,0.00004583,explotar explotó explota,false,false
1357,mono,noun,18605,0.00004569,mono monos,false,false
1358,búsqueda,noun,18597,0.00004567,búsqueda búsquedas,false,false
1359,combatir,verb,18593,0.00004566,combate combatir combatiendo,false,false
1360,original,adj,18586,0.00004564,original originales,false,false
1361,sábado,noun,18575,0.00004561,sábado sábados,false,false
1362,gratis,adv,18558,0.00004557,gratis,false,false
1363,bolsillo,noun,18533,0.00004551,bolsillo bolsillos,false,false
1364,genio,noun,18473,0.00004536,genio genios,false,false
1365,extranjero,adj,18471,0.00004536,extranjero extranjeros extranjera,false,false
1366,pesado,adj,18457,0.00004532,pesado pesada pesados,false,false
1367,polvo,noun,18453,0.00004531,polvo polvos,false,false
1368,esfuerzo,noun,18428,0.00004525,esfuerzo esfuerzos,false,false
1369,campamento,noun,18427,0.00004525,campamento campamentos,false,false
1370,promesa,noun,18413,0.00004521,promesa promesas,false,false
1371,entrevistar,verb,18373,0.00004512,entrevista entrevistar entrevistando,false,false
1372,plantar,verb,18363,0.00004509,planta plantar plantó,false,false
1373,proceso,noun,18330,0.00004501,proceso procesos,false,false
1374,lengua,noun,18309,0.00004496,lengua lenguas,false,false
1375,eliminar,verb,18306,0.00004495,eliminar eliminado elimina,false,false
1376,prisionero,noun,18298,0.00004493,prisioneros prisionero,false,false
1377,ciego,adj,18294,0.00004492,ciego ciega ciegos,false,false
1378,aventura,noun,18232,0.00004477,aventura aventuras,false,false
1379,rostro,noun,18140,0.00004454,rostro rostros,false,false
1380,firma,noun,18132,0.00004452,firma firmas,false,false
,homicidio,noun,18116,0.00004449,homicidio homicidios,false,true
1381,legal,adj,18091,0.00004442,legal legales,false,false
1382,lección,noun,18071,0.00004437,lección lecciones,false,false
1383,secundario,adj,18055,0.00004434,secundaria secundario secundarios,false,false
1384,perfectamente,adv,18042,0.00004430,perfectamente,false,false
1385,mio,pron,18030,0.00004427,mio mios,false,false
1386,tormenta,noun,18026,0.00004426,tormenta tormentas,false,false
1387,colocar,verb,18011,0.00004423,colocar coloca colocó,false,false
1388,digerir,verb,17996,0.00004419,dijera dijeras dijeran,false,false
1389,lástima,noun,17994,0.00004419,lástima,false,false
1390,asqueroso,adj,17986,0.00004417,asqueroso asquerosa asquerosos,false,false
1391,piloto,noun,17955,0.00004409,piloto pilotos,false,false
1392,recuerdo,noun,17905,0.00004397,recuerdos,false,false
1393,molesto,adj,17859,0.00004385,molesto molestas molestos,false,false
1394,cien,num,17845,0.00004382,cien,false,false
1395,discurso,noun,17823,0.00004377,discurso discursos,false,false
1396,sombra,noun,17821,0.00004376,sombra sombras,false,false
,adn,noun,17813,0.00004374,adn,false,true
1397,lobo,noun,17808,0.00004373,lobo lobos,false,false
1398,lucir,verb,17801,0.00004371,luce lucía lucir,false,false
1399,normalmente,adv,17799,0.00004371,normalmente,false,false
1400,tumba,noun,17798,0.00004370,tumba tumbas,false,false
1401,actor,noun,17796,0.00004370,actor actores,false,false
1402,autoridad,noun,17785,0.00004367,autoridad autoridades,false,false
1403,voluntad,noun,17758,0.00004361,voluntad voluntades,false,false
1404,insistir,verb,17746,0.00004358,insiste insisto insistió,false,false
1405,documento,noun,17745,0.00004357,documentos documento,false,false
1406,sensación,noun,17743,0.00004357,sensación sensaciones,false,false
1407,entrenador,noun,17741,0.00004356,entrenador entrenadores,false,false
1408,desayuno,noun,17709,0.00004349,desayuno desayunos,false,false
1409,crédito,noun,17696,0.00004345,crédito créditos,false,false
1410,enamorar,verb,17682,0.00004342,enamoré enamoró enamorarse,false,false
1411,realizar,verb,17682,0.00004342,realizar realizado realizó,false,false
1412,acusar,verb,17665,0.00004338,acusa acusar acusando,false,false
1413,sonreír,verb,17589,0.00004319,sonríe sonreír sonriente,false,false
1414,pecado,adj,17583,0.00004318,pecado pecados,false,false
1415,atender,verb,17574,0.00004315,atender atiende atiendo,false,false
1416,ocasión,noun,17521,0.00004302,ocasión ocasiones,false,false
1417,grabar,verb,17493,0.00004296,grabar grabando grabó,false,false
1418,confesar,verb,17480,0.00004292,confesar confesó confieso,false,false
1419,romo,adj,17473,0.00004291,roma romo,false,false
1420,fecha,noun,17438,0.00004282,fecha fechas,false,false
1421,roca,noun,17399,0.00004272,roca rocas,false,false
1422,impresionante,adj,17386,0.00004269,impresionante,false,false
1423,queso,noun,17384,0.00004269,queso quesos,false,false
1424,cancelar,verb,17358,0.00004262,cancelar cancelado cancela,false,false
1425,efectivo,adj,17333,0.00004256,efectivo efectiva efectivos,false,false
1426,intentado,adj,17331,0.00004256,intentado,false,false
1427,alcalde,noun,17299,0.00004248,alcalde,false,false
1428,mapa,noun,17293,0.00004246,mapa mapas,false,false
1429,provocar,verb,17292,0.00004246,provocar provoca provocado,false,false
1430,ocurrido,adj,17285,0.00004244,ocurrido,false,false
1431,indio,noun,17283,0.00004244,indios indio indias,false,false
1432,débil,adj,17270,0.00004241,débil,false,false
1433,pillar,verb,17262,0.00004239,pillado pillar pillas,false,false
1434,esquina,noun,17229,0.00004231,esquina esquinas,false,false
1435,máximo,adj,17210,0.00004226,máximo máxima,false,false
1436,acusado,adj,17191,0.00004221,acusado acusada acusados,false,false
1437,revista,noun,17190,0.00004221,revista revistas,false,false
1438,aeropuerto,noun,17182,0.00004219,aeropuerto aeropuertos,false,false
1439,cuerda,noun,17172,0.00004217,cuerda cuerdas,false,false
1440,rata,noun,17122,0.00004204,rata ratas,false,false
1441,chocolate,noun,17117,0.00004203,chocolate chocolates,false,false
1442,contado,adj,17116,0.00004203,contado contados contada,false,false
1443,objeto,noun,17095,0.00004198,objeto objetos,false,false
1444,cobrar,verb,17057,0.00004188,cobrar cobra cobran,false,false
1445,milagro,noun,17056,0.00004188,milagro milagros,false,false
1446,cigarrillo,noun,17051,0.00004187,cigarrillo cigarrillos,false,false
1447,cadena,noun,17043,0.00004185,cadena cadenas,false,false
1448,temporada,noun,17035,0.00004183,temporada temporadas,false,false
1449,cocinar,verb,17028,0.00004181,cocinar cocinando cocino,false,false
1450,mami,noun,17017,0.00004179,mami,false,false
1451,vestir,verb,17013,0.00004178,vestir vestirme vestirse,false,false
1452,afortunado,adj,16994,0.00004173,afortunado afortunada afortunados,false,false
1453,tamaño,noun,16994,0.00004173,tamaño tamaños,false,false
1454,paquete,noun,16976,0.00004169,paquete paquetes,false,false
1455,desconocido,adj,16974,0.00004168,desconocido desconocida desconocidos,false,false
1456,emoción,noun,16969,0.00004167,emociones emoción,false,false
1457,personaje,noun,16963,0.00004165,personaje personajes,false,false
1458,sincero,adj,16947,0.00004161,sincero sincera sinceros,false,false
1459,pesadilla,noun,16939,0.00004160,pesadilla pesadillas,false,false
1460,vaso,noun,16921,0.00004155,vaso vasos,false,false
,sheriff,noun,16917,0.00004154,sheriff,false,true
1461,techo,noun,16907,0.00004152,techo techos,false,false
1462,maleta,noun,16901,0.00004150,maleta maletas,false,false
1463,primo,noun,16896,0.00004149,primo,false,false
1464,federal,adj,16874,0.00004144,federal federales,false,false
1465,sencillo,adj,16871,0.00004143,sencillo sencilla sencillas,false,false
1466,interrumpir,verb,16833,0.00004133,interrumpir interrumpido interrumpo,false,false
1467,lluvia,noun,16792,0.00004123,lluvia lluvias,false,false
1468,internet,noun,16784,0.00004121,internet,false,false
1469,vivo,adj,16767,0.00004117,vivos vivas,false,false
1470,alcohol,noun,16755,0.00004114,alcohol,false,false
1471,representar,verb,16749,0.00004113,representa representar representan,false,false
1472,atractivo,adj,16736,0.00004110,atractivo atractiva atractivos,false,false
1473,cura,noun,16726,0.00004107,cura curas,false,false
1474,fotografía,noun,16712,0.00004104,fotografía fotografías,false,false
1475,votar,verb,16686,0.00004097,votar vota voten,false,false
1476,celoso,adj,16685,0.00004097,celoso celosa celosos,false,false
1477,sexy,adj,16674,0.00004094,sexy,false,false
1478,deprisa,adv,16609,0.00004078,deprisa,false,false
1479,rodilla,noun,16605,0.00004077,rodillas rodilla,false,false
1480,curso,noun,16599,0.00004076,curso cursos,false,false
1481,tesoro,noun,16561,0.00004067,tesoro tesoros,false,false
1482,fútbol,noun,16513,0.00004055,fútbol,false,false
1483,olor,noun,16503,0.00004052,olor olores,false,false
1484,liso,adj,16487,0.00004049,lisa liso,false,false
1485,civil,adj,16474,0.00004045,civil civiles,false,false
1486,gloria,noun,16467,0.00004044,gloria glorias,false,false
1487,firme,adj,16457,0.00004041,firme firmes,false,false
1488,torre,noun,16450,0.00004039,torre torres,false,false
1489,confirmar,verb,16446,0.00004038,confirmar confirma confirmó,false,false
1490,instituto,noun,16417,0.00004031,instituto institutos,false,false
1491,anterior,adj,16414,0.00004031,anterior anteriores,false,false
1492,salón,noun,16350,0.00004015,salón salones,false,false
1493,excusa,noun,16342,0.00004013,excusa excusas,false,false
1494,cheque,noun,16327,0.00004009,cheque cheques,false,false
1495,funeral,noun,16322,0.00004008,funeral funerales,false,false
1496,lío,noun,16312,0.00004006,lío líos,false,false
1497,claramente,adv,16303,0.00004003,claramente,false,false
1498,oso,noun,16213,0.00003981,oso osos,false,false
1499,aprovechar,verb,16193,0.00003976,aprovechar aprovecha aprovechando,false,false
1500,protección,noun,16191,0.00003976,protección protecciones,false,false
1501,trabajador,noun,16191,0.00003976,trabajadores trabajador trabajadora,false,false
1502,elegido,adj,16173,0.00003971,elegido elegida elegidos,false,false
1503,corriente,noun,16156,0.00003967,corriente corrientes,false,false
1504,muñeca,noun,16149,0.00003966,muñeca muñecas,false,false
1505,identificar,verb,16147,0.00003965,identificar identificó identificarlo,false,false
1506,diversión,noun,16097,0.00003953,diversión diversiones,false,false
1507,gracia,noun,16082,0.00003949,gracia,false,false
1508,nieve,noun,16074,0.00003947,nieve nieves,false,false
1509,resistir,verb,16055,0.00003942,resistir resiste resistirse,false,false
1510,empleo,noun,16051,0.00003941,empleo empleos,false,false
1511,sentado,adj,16050,0.00003941,sentada sentados sentadas,false,false
1512,solución,noun,16044,0.00003940,solución soluciones,false,false
1513,afectar,verb,16023,0.00003935,afecta afectar afectó,false,false
1514,mundial,adj,16021,0.00003934,mundial mundiales,false,false
1515,deuda,noun,15989,0.00003926,deuda deudas,false,false
1516,carro,noun,15984,0.00003925,carro carros,false,false
1517,venganza,noun,15966,0.00003921,venganza,false,false
1518,lento,adj,15953,0.00003917,lento lenta lentos,false,false
1519,útil,adj,15929,0.00003911,útil útiles,false,false
1520,barrio,noun,15903,0.00003905,barrio barrios,false,false
1521,amado,adj,15893,0.00003903,amado amada amados,false,false
1522,rastro,noun,15883,0.00003900,rastro rastros,false,false
1523,violar,verb,15868,0.00003897,violó violar violado,false,false
1524,incendio,noun,15865,0.00003896,incendio incendios,false,false
1525,rodar,verb,15853,0.00003893,rueda rodar rodando,false,false
1526,milla,noun,15817,0.00003884,millas milla,false,false
1527,letra,noun,15755,0.00003869,letra letras,false,false
1528,apartar,verb,15745,0.00003866,apártate aparta apártense,false,false
1529,barato,adj,15740,0.00003865,barato barata baratos,false,false
1530,gigante,noun,15715,0.00003859,gigante gigantes,false,false
1531,granja,noun,15686,0.00003852,granja granjas,false,false
1532,uniforme,adj,15653,0.00003844,uniforme uniformes,false,false
1533,irás,verb,15652,0.00003843,irás,false,false
1534,alimentar,verb,15604,0.00003832,alimentar alimenta alimentan,false,false
1535,concentrar,verb,15582,0.00003826,concéntrate concentrarme concentrarse,false,false
1536,involucrado,adj,15580,0.00003826,involucrado involucrada involucrados,false,false
1537,gira,noun,15552,0.00003819,gira giras,false,false
1538,probable,adj,15531,0.00003814,probable probables,false,false
1539,camioneta,noun,15519,0.00003811,camioneta camionetas,false,false
1540,criar,verb,15517,0.00003810,criado criar crió,false,false
1541,romántico,adj,15509,0.00003808,romántico romántica románticas,false,false
1542,tecnología,noun,15504,0.00003807,tecnología tecnologías,false,false
1543,arrancar,verb,15492,0.00003804,arranca arrancar arrancó,false,false
1544,bolso,noun,15488,0.00003803,bolso bolsos,false,false
1545,comunidad,noun,15463,0.00003797,comunidad comunidades,false,false
1546,conocimiento,noun,15457,0.00003796,conocimiento conocimientos,false,false
1547,avanzar,verb,15432,0.00003789,avanzar avanzando avanza,false,false
1548,celular,adj,15428,0.00003788,celular celulares,false,false
1549,altura,noun,15424,0.00003787,altura alturas,false,false
1550,amistad,noun,15422,0.00003787,amistad amistades,false,false
1551,reino,noun,15419,0.00003786,reino reinos,false,false
1552,asistente,noun,15407,0.00003783,asistente asistentes,false,false
1553,rechazar,verb,15403,0.00003782,rechazar rechazó rechaza,false,false
1554,tercer,adj,15377,0.00003776,tercer,false,false
1555,centavo,noun,15366,0.00003773,centavos centavo,false,false
1556,recién,adv,15340,0.00003767,recién,false,false
1557,empujar,verb,15335,0.00003766,empujar empujó empujando,false,false
1558,compromiso,noun,15329,0.00003764,compromiso compromisos,false,false
1559,taza,noun,15323,0.00003763,taza tazas,false,false
1560,producto,noun,15319,0.00003762,producto productos,false,false
1561,clave,noun,15313,0.00003760,clave claves,false,false
1562,obvio,adj,15308,0.00003759,obvio obvia obvios,false,false
1563,europa,noun,15296,0.00003756,europa,false,false
1564,hombro,noun,15288,0.00003754,hombro hombros,false,false
1565,evento,noun,15276,0.00003751,evento eventos,false,false
1566,ala,noun,15275,0.00003751,alas ala,false,false
1567,ilegal,adj,15271,0.00003750,ilegal ilegales,false,false
1568,rumor,noun,15264,0.00003748,rumores rumor,false,false
1569,interno,adj,15259,0.00003747,internos interna interno,false,false
1570,libra,noun,15223,0.00003738,libras,false,false
1571,risa,noun,15209,0.00003735,risas risa,false,false
1572,felicitación,noun,15208,0.00003734,felicitaciones felicitación,false,false
1573,labio,noun,15177,0.00003727,labios labio,false,false
1574,despierto,noun,15168,0.00003725,despierto despiertas despiertos,false,false
1575,tenia,verb,15160,0.00003723,tenia,false,false
1576,sostener,verb,15159,0.00003722,sostener sosteniendo sostiene,false,false
1577,lago,noun,15143,0.00003718,lago,false,false
1578,producir,verb,15138,0.00003717,produce producir produjo,false,false
1579,cero,noun,15136,0.00003717,cero ceros,false,false
1580,canal,noun,15129,0.00003715,canal canales,false,false
1581,cirugía,noun,15092,0.00003706,cirugía cirugías,false,false
1582,convertido,adj,15090,0.00003705,convertido convertida convertidos,false,false
1583,fortuna,noun,15068,0.00003700,fortuna fortunas,false,false
1584,lunes,noun,15063,0.00003699,lunes,false,false
1585,nación,noun,15061,0.00003698,nación naciones,false,false
1586,alegría,noun,15045,0.00003694,alegría alegrías,false,false
1587,ira,noun,15039,0.00003693,ira iras,false,false
1588,muchacha,noun,15036,0.00003692,muchacha muchachas,false,false
1589,ciudadano,noun,15034,0.00003692,ciudadanos ciudadano ciudadana,false,false
1590,pata,noun,15013,0.00003687,pata patas,false,false
1591,william,verb,15011,0.00003686,william,false,false
1592,cáncer,noun,15005,0.00003685,cáncer,false,false
1593,mina,noun,14991,0.00003681,mina minas,false,false
1594,dave,noun,14983,0.00003679,dave,false,false
1595,moneda,noun,14982,0.00003679,moneda monedas,false,false
1596,morder,verb,14978,0.00003678,mordió muerde morder,false,false
1597,suave,adj,14931,0.00003666,suave suaves,false,false
1598,billete,noun,14923,0.00003664,billetes billete,false,false
1599,fábrica,noun,14911,0.00003662,fábrica fábricas,false,false
1600,frontera,noun,14910,0.00003661,frontera fronteras,false,false
1601,seco,adj,14910,0.00003661,seco seca secos,false,false
1602,proponer,verb,14902,0.00003659,propongo propuso proponer,false,false
1603,cuyo,pron,14895,0.00003658,cuyo cuya cuyos,false,false
1604,india,noun,14882,0.00003654,india,false,false
1605,fresco,adj,14880,0.00003654,fresco frescos frescas,false,false
1606,inteligencia,noun,14861,0.00003649,inteligencia,false,false
1607,esclavo,adj,14835,0.00003643,esclavos esclavo esclava,false,false
1608,atraer,verb,14826,0.00003641,atrae atraer atraído,false,false
1609,encerrar,verb,14819,0.00003639,encerrar encerró encerraron,false,false
1610,aparte,adv,14807,0.00003636,aparte,false,false
1611,cómodo,adj,14804,0.00003635,cómodo cómodos cómodas,false,false
1612,rock,noun,14802,0.00003635,rock,false,false
1613,explosión,noun,14794,0.00003633,explosión explosiones,false,false
1614,estómago,noun,14785,0.00003631,estómago estómagos,false,false
1615,presionar,verb,14772,0.00003627,presionar presionando presiona,false,false
1616,campaña,noun,14770,0.00003627,campaña campañas,false,false
1617,ventaja,noun,14769,0.00003627,ventaja ventajas,false,false
1618,agencia,noun,14758,0.00003624,agencia agencias,false,false
1619,reir,verb,14743,0.00003620,ríen reírse reir,false,false
1620,móvil,noun,14734,0.00003618,móvil,false,false
1621,cola,noun,14728,0.00003617,cola colas,false,false
1622,sonrisa,noun,14720,0.00003615,sonrisa sonrisas,false,false
1623,vehículo,noun,14668,0.00003602,vehículo vehículos,false,false
1624,terrorista,noun,14663,0.00003601,terrorista terroristas,false,false
1625,italiano,adj,14641,0.00003595,italiano italianos italiana,false,false
1626,castillo,noun,14620,0.00003590,castillo castillos,false,false
1627,practicar,verb,14608,0.00003587,practicar practicando practica,false,false
1628,británico,adj,14606,0.00003587,británico británicos británica,false,false
1629,comercial,adj,14589,0.00003582,comercial comerciales,false,false
1630,organizar,verb,14576,0.00003579,organizar organizó organizando,false,false
1631,laura,noun,14574,0.00003579,laura,false,false
1632,rápidamente,adv,14568,0.00003577,rápidamente,false,false
1633,bordo,noun,14566,0.00003577,bordo,false,false
1634,impedir,verb,14549,0.00003573,impedir impide impedirlo,false,false
1635,manzana,noun,14525,0.00003567,manzana manzanas,false,false
1636,violencia,noun,14523,0.00003566,violencia,false,false
1637,español,adj,14518,0.00003565,español española españoles,false,false
1638,ritmo,noun,14493,0.00003559,ritmo ritmos,false,false
1639,requerir,verb,14475,0.00003554,requiere requieren requerido,false,false
1640,pizza,noun,14440,0.00003546,pizza pizzas,false,false
1641,japonés,adj,14436,0.00003545,japoneses japonés japonesa,false,false
1642,experto,adj,14416,0.00003540,experto expertos,false,false
1643,bravo,noun,14414,0.00003539,bravo bravos,false,false
1644,asombroso,adj,14411,0.00003539,asombroso asombrosa asombrosas,false,false
1645,grace,noun,14411,0.00003539,grace,false,false
1646,mágico,adj,14389,0.00003533,mágico mágica mágicos,false,false
1647,espejo,noun,14387,0.00003533,espejo espejos,false,false
1648,desgracia,noun,14371,0.00003529,desgracia desgracias,false,false
1649,comportar,verb,14369,0.00003528,comportarse comporta compórtate,false,false
1650,archivo,noun,14355,0.00003525,archivos,false,false
1651,presencia,noun,14340,0.00003521,presencia,false,false
1652,cable,noun,14322,0.00003517,cable cables,false,false
1653,annie,noun,14309,0.00003514,annie,false,false
1654,chaqueta,noun,14302,0.00003512,chaqueta chaquetas,false,false
1655,conductor,noun,14302,0.00003512,conductor conductores,false,false
1656,alan,other,14301,0.00003512,alan,false,false
1657,tratamiento,noun,14298,0.00003511,tratamiento tratamientos,false,false
1658,clark,adj,14280,0.00003507,clark,false,false
1659,sano,adj,14256,0.00003501,sano sana sanos,false,false
1660,carl,noun,14235,0.00003496,carl,false,false
1661,descubierto,adj,14217,0.00003491,descubierto descubiertos descubiertas,false,false
1662,cagar,verb,14214,0.00003490,cago cagar cagando,false,false
1663,emma,noun,14211,0.00003490,emma,false,false
1664,carter,noun,14199,0.00003487,carter,false,false
1665,california,noun,14198,0.00003486,california,false,false
1666,escondido,adj,14187,0.00003484,escondido escondida escondidos,false,false
1667,pescado,adj,14187,0.00003484,pescado pescados,false,false
1668,ignorar,verb,14113,0.00003466,ignorar ignora ignorando,false,false
1669,claire,noun,14107,0.00003464,claire,false,false
1670,hoja,noun,14107,0.00003464,hojas hoja,false,false
1671,bestia,noun,14104,0.00003463,bestia bestias,false,false
1672,atravesar,verb,14060,0.00003453,atravesar atravesando atravesó,false,false
1673,aparentemente,adv,14048,0.00003450,aparentemente,false,false
1674,ed,noun,14041,0.00003448,ed,false,false
1675,chicago,noun,14028,0.00003445,chicago,false,false
1676,encantador,adj,14024,0.00003444,encantador encantadores,false,false
1677,vaca,noun,14001,0.00003438,vaca vacas,false,false
1678,encerrado,adj,13976,0.00003432,encerrado encerrada encerrados,false,false
1679,político,adj,13975,0.00003432,político políticos,false,false
1680,entrega,noun,13967,0.00003430,entrega entregas,false,false
1681,comunicar,verb,13950,0.00003426,comunicarse comunicarme comunicar,false,false
1682,kyle,noun,13935,0.00003422,kyle,false,false
1683,pasillo,noun,13924,0.00003419,pasillo pasillos,false,false
1684,agradecido,adj,13912,0.00003416,agradecido agradecida agradecidos,false,false
1685,fila,noun,13910,0.00003416,fila filas,false,false
1686,coincidencia,noun,13909,0.00003415,coincidencia coincidencias,false,false
1687,separado,adj,13891,0.00003411,separados separado separadas,false,false
1688,nadar,verb,13859,0.00003403,nadar nadando nadan,false,false
1689,entrenamiento,noun,13853,0.00003402,entrenamiento entrenamientos,false,false
1690,moda,noun,13843,0.00003399,moda modas,false,false
1691,comunicación,noun,13829,0.00003396,comunicación comunicaciones,false,false
1692,espera,noun,13828,0.00003396,esperas,false,false
1693,ro,verb,13824,0.00003395,rose ro,false,false
1694,contactar,verb,13823,0.00003394,contactar contactó contacta,false,false
1695,sesión,noun,13809,0.00003391,sesión sesiones,false,false
1696,curioso,adj,13804,0.00003390,curioso curiosa curiosos,false,false
1697,quejar,verb,13804,0.00003390,quejarte quejarse quejarme,false,false
1698,concierto,noun,13802,0.00003389,concierto conciertos,false,false
1699,delito,noun,13798,0.00003388,delito delitos,false,false
1700,detenido,adj,13793,0.00003387,detenido detenidos detenida,false,false
1701,explicación,noun,13791,0.00003386,explicación explicaciones,false,false
1702,ruta,noun,13775,0.00003383,ruta rutas,false,false
1703,poquito,adv,13774,0.00003382,poquito,false,false
1704,tribu,noun,13761,0.00003379,tribu tribus,false,false
1705,armario,noun,13752,0.00003377,armario armarios,false,false
1706,u,conj,13752,0.00003377,u,false,false
1707,anuncio,noun,13746,0.00003375,anuncio anuncios,false,false
1708,librar,verb,13712,0.00003367,libra librarse librado,false,false
1709,magnífico,adj,13698,0.00003364,magnífico magnífica magníficos,false,false
1710,maravilla,noun,13691,0.00003362,maravilla maravillas,false,false
1711,ted,noun,13688,0.00003361,ted,false,false
1712,botón,noun,13685,0.00003360,botón botones,false,false
1713,actividad,noun,13671,0.00003357,actividad actividades,false,false
1714,girar,verb,13671,0.00003357,girar girando gire,false,false
1715,revelar,verb,13659,0.00003354,revelar revela revelado,false,false
1716,palacio,noun,13649,0.00003352,palacio palacios,false,false
1717,indicar,verb,13640,0.00003349,indica indican indicar,false,false
1718,articular,verb,13631,0.00003347,artículo articular,false,false
1719,simon,noun,13612,0.00003343,simon,false,false
1720,cuadro,noun,13598,0.00003339,cuadro cuadros,false,false
1721,chiste,noun,13597,0.00003339,chiste chistes,false,false
1722,limitar,verb,13596,0.00003339,límite limita limitar,false,false
1723,galleta,noun,13574,0.00003333,galletas galleta,false,false
1724,cuanta,noun,13551,0.00003328,cuantas cuanta,false,false
1725,desesperado,adj,13547,0.00003327,desesperado desesperada desesperados,false,false
1726,curar,verb,13546,0.00003326,curar curó curarte,false,false
1727,arresto,noun,13523,0.00003321,arresto arrestos,false,false
1728,apestar,verb,13517,0.00003319,apesta apestan apestaba,false,false
1729,ambulancia,noun,13503,0.00003316,ambulancia ambulancias,false,false
1730,alarma,other,13487,0.00003312,alarma alarmas,false,false
1731,ganador,adj,13474,0.00003309,ganador ganadores,false,false
1732,diamante,noun,13469,0.00003307,diamantes diamante,false,false
1733,arena,noun,13465,0.00003306,arena arenas,false,false
1734,importancia,noun,13447,0.00003302,importancia,false,false
1735,personalmente,adv,13425,0.00003297,personalmente,false,false
1736,roger,noun,13423,0.00003296,roger,false,false
1737,luke,noun,13422,0.00003296,luke,false,false
1738,vampiro,noun,13411,0.00003293,vampiro vampiros,false,false
1739,rubio,adj,13403,0.00003291,rubia rubio rubias,false,false
1740,encargo,noun,13398,0.00003290,encargo encargos,false,false
1741,emocionado,adj,13382,0.00003286,emocionado emocionada emocionados,false,false
1742,reservar,verb,13374,0.00003284,reserva reservar reservé,false,false
1743,whisky,noun,13374,0.00003284,whisky,false,false
1744,despues,noun,13357,0.00003280,despues,false,false
1745,solitario,adj,13356,0.00003280,solitario solitaria solitarios,false,false
1746,gary,noun,13354,0.00003279,gary,false,false
1747,mezclar,verb,13315,0.00003270,mezcla mezclar mezclan,false,false
1748,plano,noun,13315,0.00003270,plano planos plana,false,false
1749,despacho,noun,13305,0.00003267,despacho despachos,false,false
1750,impresión,noun,13289,0.00003263,impresión impresiones,false,false
1751,serpiente,noun,13246,0.00003253,serpiente serpientes,false,false
1752,cruel,adj,13240,0.00003251,cruel crueles,false,false
1753,marina,noun,13232,0.00003249,marina marinas,false,false
1754,patrón,noun,13231,0.00003249,patrón patrones,false,false
1755,aprobar,verb,13227,0.00003248,aprobado aprobar aprueba,false,false
1756,celda,noun,13223,0.00003247,celda celdas,false,false
1757,licencia,noun,13220,0.00003246,licencia licencias,false,false
1758,hierba,noun,13204,0.00003242,hierba hierbas,false,false
1759,dedicar,verb,13195,0.00003240,dedica dedico dedicar,false,false
1760,misterio,noun,13186,0.00003238,misterio misterios,false,false
1761,particular,adj,13184,0.00003237,particular particulares,false,false
1762,químico,adj,13184,0.00003237,química químicos químico,false,false
1763,identidad,noun,13181,0.00003237,identidad identidades,false,false
1764,alice,other,13175,0.00003235,alice,false,false
1765,lucy,noun,13170,0.00003234,lucy,false,false
1766,suicidio,noun,13170,0.00003234,suicidio suicidios,false,false
1767,saco,noun,13152,0.00003230,saco sacos,false,false
1768,abrigo,noun,13147,0.00003228,abrigo,false,false
1769,popular,adj,13147,0.00003228,popular populares,false,false
1770,arrastrar,verb,13127,0.00003223,arrastrar arrastró arrastra,false,false
1771,cobarde,adj,13126,0.00003223,cobarde,false,false
1772,suicidar,verb,13107,0.00003219,suicidó suicidarse suicidarme,false,false
1773,entrenar,verb,13105,0.00003218,entrenar entrenando entrena,false,false
1774,madera,noun,13101,0.00003217,madera maderas,false,false
1775,campeón,noun,13075,0.00003211,campeón campeones,false,false
1776,josh,noun,13073,0.00003210,josh,false,false
1777,cruz,noun,13031,0.00003200,cruz cruces,false,false
1778,sagrado,other,13031,0.00003200,sagrado sagrada sagrados,false,false
1779,contentar,verb,13024,0.00003198,contenta contentar,false,false
1780,susan,other,13018,0.00003197,susan,false,false
1781,veinte,num,13015,0.00003196,veinte,false,false
1782,comisario,noun,13012,0.00003195,comisario comisarios,false,false
1783,sección,noun,13008,0.00003194,sección secciones,false,false
1784,ahorrar,verb,12997,0.00003192,ahorrar ahorrando ahorra,false,false
1785,sacado,adj,12995,0.00003191,sacado sacada sacados,false,false
1786,impuesto,noun,12990,0.00003190,impuestos impuesto impuesta,false,false
1787,divorcio,noun,12986,0.00003189,divorcio divorcios,false,false
1788,invierno,noun,12983,0.00003188,invierno inviernos,false,false
1789,secuestrar,verb,12982,0.00003188,secuestrado secuestró secuestrar,false,false
1790,adolescente,noun,12981,0.00003188,adolescente adolescentes,false,false
1791,alerta,noun,12966,0.00003184,alerta alertas,false,false
1792,circular,verb,12959,0.00003182,círculo circular circulando,false,false
1793,ducha,noun,12959,0.00003182,ducha duchas,false,false
1794,periodista,noun,12958,0.00003182,periodista periodistas,false,false
1795,piscina,noun,12958,0.00003182,piscina piscinas,false,false
1796,phil,noun,12951,0.00003180,phil,false,false
1797,aumentar,verb,12943,0.00003178,aumentar aumenta aumentando,false,false
1798,burlar,verb,12939,0.00003177,burla burlando burlarse,false,false
1799,smith,noun,12925,0.00003174,smith,false,false
1800,mental,adj,12919,0.00003172,mental mentales,false,false
1801,cristal,noun,12914,0.00003171,cristal cristales,false,false
1802,tropa,noun,12913,0.00003171,tropas tropa,false,false
1803,zorra,noun,12909,0.00003170,zorra zorras,false,false
1804,juguete,noun,12901,0.00003168,juguetes juguete,false,false
1805,práctica,noun,12891,0.00003165,práctica prácticas,false,false
1806,condenado,adj,12864,0.00003159,condenado condenados condenada,false,false
1807,aviso,noun,12863,0.00003159,aviso avisos,false,false
1808,traducción,noun,12850,0.00003155,traducción traducciones,false,false
1809,disponible,adj,12841,0.00003153,disponible disponibles,false,false
1810,contener,verb,12827,0.00003150,contiene contener contienen,false,false
1811,circunstancia,noun,12803,0.00003144,circunstancias circunstancia,false,false
1812,sorprendido,adj,12786,0.00003140,sorprendido sorprendida sorprendidos,false,false
1813,educación,noun,12779,0.00003138,educación,false,false
1814,positivo,adj,12776,0.00003137,positivo positiva positivos,false,false
1815,versión,noun,12768,0.00003135,versión versiones,false,false
1816,enterrar,verb,12750,0.00003131,enterrar enterró enterrarlo,false,false
1817,solicitar,verb,12750,0.00003131,solicito solicitar solicitado,false,false
1818,herir,verb,12741,0.00003129,herir hirió hirieron,false,false
1819,caro,adj,12738,0.00003128,caro caros,false,false
1820,destruido,adj,12738,0.00003128,destruido destruida destruidos,false,false
1821,episodio,noun,12738,0.00003128,episodio episodios,false,false
1822,mínimo,adj,12713,0.00003122,mínimo mínima mínimos,false,false
1823,sótano,adj,12713,0.00003122,sótano sótanos,false,false
1824,vía,noun,12678,0.00003113,vía vías,false,false
1825,nacido,adj,12675,0.00003112,nacido nacida nacidos,false,false
1826,plata,noun,12672,0.00003112,plata,false,false
1827,estadounidense,adj,12668,0.00003111,estadounidense estadounidenses,false,false
1828,título,noun,12668,0.00003111,título títulos,false,false
1829,humanidad,noun,12647,0.00003106,humanidad,false,false
1830,guardias,noun,12635,0.00003103,guardias,false,false
1831,nube,noun,12614,0.00003097,nubes nube,false,false
1832,vela,noun,12605,0.00003095,velas vela,false,false
1833,placa,noun,12600,0.00003094,placa placas,false,false
1834,franco,noun,12596,0.00003093,francos franco franca,false,false
1835,paso,noun,12574,0.00003088,pasos,false,false
1836,sopa,noun,12572,0.00003087,sopa sopas,false,false
1837,comportamiento,noun,12556,0.00003083,comportamiento comportamientos,false,false
1838,básicamente,adv,12555,0.00003083,básicamente,false,false
1839,conferencia,noun,12527,0.00003076,conferencia conferencias,false,false
1840,mentiroso,adj,12526,0.00003076,mentiroso,false,false
1841,vega,noun,12526,0.00003076,vegas vega,false,false
1842,extraordinario,adj,12503,0.00003070,extraordinario extraordinaria extraordinarias,false,false
1843,desierto,noun,12494,0.00003068,desierto desiertos,false,false
1844,deporte,noun,12486,0.00003066,deporte deportes,false,false
1845,generación,noun,12483,0.00003065,generación generaciones,false,false
1846,rastrear,verb,12481,0.00003065,rastrear rastreando rastreado,false,false
1847,aclarar,verb,12474,0.00003063,aclarar aclara aclarado,false,false
1848,registrar,verb,12474,0.00003063,registrar registró registra,false,false
1849,oreja,noun,12469,0.00003062,orejas oreja,false,false
1850,ciertamente,adv,12462,0.00003060,ciertamente,false,false
1851,traicionar,verb,12462,0.00003060,traicionó traicionar traicionaste,false,false
1852,tráfico,noun,12452,0.00003058,tráfico,false,false
1853,desgraciado,adj,12448,0.00003057,desgraciado desgraciados,false,false
1854,mortal,adj,12447,0.00003056,mortal mortales,false,false
1855,recompensar,verb,12447,0.00003056,recompensa recompensar recompensaré,false,false
1856,conciencia,noun,12441,0.00003055,conciencia conciencias,false,false
1857,alemania,noun,12440,0.00003055,alemania,false,false
1858,auténtico,adj,12433,0.00003053,auténtico auténtica auténticos,false,false
1859,término,noun,12431,0.00003053,términos término,false,false
1860,participar,verb,12415,0.00003049,participar participó participa,false,false
1861,jenny,noun,12399,0.00003045,jenny,false,false
1862,beneficio,noun,12380,0.00003040,beneficios beneficio,false,false
1863,park,noun,12363,0.00003036,park,false,false
1864,malvado,adj,12360,0.00003035,malvado malvada malvados,false,false
1865,pastilla,noun,12360,0.00003035,pastillas pastilla,false,false
1866,preocupación,noun,12356,0.00003034,preocupación preocupaciones,false,false
1867,jackson,noun,12341,0.00003030,jackson,false,false
1868,encantadora,noun,12326,0.00003027,encantadora encantadoras,false,false
1869,análisis,noun,12318,0.00003025,análisis,false,false
1870,describir,verb,12315,0.00003024,describir describe describió,false,false
1871,aéreo,adj,12305,0.00003022,aérea aéreo aéreas,false,false
1872,azúcar,noun,12304,0.00003021,azúcar,false,false
1873,tim,interj,12300,0.00003020,tim,false,false
1874,perdedor,adj,12285,0.00003017,perdedor perdedores perdedoras,false,false
1875,kilo,noun,12284,0.00003016,kilos kilo,false,false
1876,violento,adj,12279,0.00003015,violento violenta violentos,false,false
1877,ud,det,12262,0.00003011,ud uds,false,false
1878,gobernador,noun,12257,0.00003010,gobernador gobernadores,false,false
1879,taylor,adj,12255,0.00003009,taylor,false,false
1880,empleado,noun,12215,0.00002999,empleados empleada empleadas,false,false
1881,doc,verb,12213,0.00002999,doc,false,false
1882,iniciar,verb,12170,0.00002988,iniciar inició inicia,false,false
1883,senador,noun,12170,0.00002988,senador senadores,false,false
1884,moderno,adj,12165,0.00002987,moderna moderno modernos,false,false
1885,joey,noun,12145,0.00002982,joey,false,false
1886,escucha,noun,12140,0.00002981,escuchas,false,false
1887,regalar,verb,12124,0.00002977,regaló regalado regalar,false,false
1888,miel,noun,12117,0.00002975,miel,false,false
1889,guerrero,adj,12107,0.00002973,guerrero guerreros,false,false
1890,identificación,noun,12095,0.00002970,identificación identificaciones,false,false
1891,curiosidad,noun,12077,0.00002966,curiosidad curiosidades,false,false
1892,desagradable,adj,12060,0.00002961,desagradable desagradables,false,false
1893,retroceder,verb,12059,0.00002961,retrocede retroceder retrocedan,false,false
1894,miente,adv,12050,0.00002959,miente mientes,false,false
1895,tanque,noun,12043,0.00002957,tanque tanques,false,false
1896,julia,noun,12040,0.00002957,julia,false,false
1897,operar,verb,12022,0.00002952,operar opera operando,false,false
1898,paciencia,noun,11988,0.00002944,paciencia,false,false
1899,conectar,verb,11981,0.00002942,conectar conecta conectando,false,false
1900,crisis,noun,11975,0.00002941,crisis,false,false
1901,anteriormente,adv,11950,0.00002934,anteriormente,false,false
1902,ordenador,noun,11949,0.00002934,ordenador ordenadores,false,false
1903,vigilancia,noun,11948,0.00002934,vigilancia,false,false
1904,míos,verb,11941,0.00002932,míos,false,false
1905,chuck,noun,11938,0.00002931,chuck,false,false
1906,ejercicio,noun,11936,0.00002931,ejercicio ejercicios,false,false
1907,archivar,verb,11930,0.00002930,archivo archivar,false,false
1908,fan,noun,11913,0.00002925,fan fans,false,false
1909,consecuencia,noun,11910,0.00002925,consecuencias consecuencia,false,false
1910,morgan,noun,11906,0.00002924,morgan,false,false
1911,audiencia,noun,11904,0.00002923,audiencia audiencias,false,false
1912,pene,interj,11902,0.00002923,pene,false,false
1913,joya,noun,11888,0.00002919,joyas joya,false,false
1914,desafío,noun,11881,0.00002917,desafío desafíos,false,false
1915,extremo,noun,11863,0.00002913,extremo extrema extremos,false,false
1916,karen,noun,11860,0.00002912,karen,false,false
1917,océano,noun,11839,0.00002907,océano océanos,false,false
1918,actitud,noun,11829,0.00002905,actitud actitudes,false,false
1919,hank,verb,11829,0.00002905,hank,false,false
1920,palo,noun,11826,0.00002904,palo palos,false,false
1921,pagado,adj,11809,0.00002900,pagado pagados pagadas,false,false
1922,noble,adj,11786,0.00002894,noble nobles,false,false
1923,arrestado,adj,11776,0.00002892,arrestado arrestada,false,false
1924,puerto,noun,11772,0.00002891,puerto puertos,false,false
1925,eléctrico,adj,11765,0.00002889,eléctrica eléctrico eléctricos,false,false
1926,escritorio,noun,11758,0.00002887,escritorio escritorios,false,false
1927,frase,noun,11756,0.00002887,frase frases,false,false
1928,comprado,adj,11740,0.00002883,comprado comprada comprados,false,false
1929,terreno,noun,11725,0.00002879,terreno terrenos,false,false
1930,teta,noun,11715,0.00002877,tetas teta,false,false
1931,acostumbrar,verb,11709,0.00002875,acostumbrarme acostumbrarse acostumbra,false,false
1932,arthur,noun,11706,0.00002874,arthur,false,false
1933,virus,noun,11704,0.00002874,virus,false,false
1934,salsa,noun,11688,0.00002870,salsa salsas,false,false
1935,amarillo,adj,11687,0.00002870,amarillo amarilla amarillos,false,false
1936,compañera,other,11684,0.00002869,compañera compañeras,false,false
1937,distrito,noun,11678,0.00002868,distrito distritos,false,false
1938,prostituta,noun,11670,0.00002866,prostituta prostitutas,false,false
1939,organización,noun,11651,0.00002861,organización organizaciones,false,false
1940,pasión,noun,11647,0.00002860,pasión pasiones,false,false
1941,incidente,noun,11644,0.00002859,incidente incidentes,false,false
1942,castigo,noun,11639,0.00002858,castigo castigos,false,false
1943,pavo,noun,11634,0.00002857,pavo pavos,false,false
1944,julie,noun,11623,0.00002854,julie,false,false
1945,traidor,adj,11621,0.00002854,traidor traidores,false,false
1946,barra,noun,11615,0.00002852,barra barras,false,false
1947,casualidad,noun,11610,0.00002851,casualidad casualidades,false,false
1948,lágrima,noun,11610,0.00002851,lágrimas lágrima,false,false
1949,dragón,noun,11609,0.00002851,dragón dragones,false,false
1950,orgullo,noun,11596,0.00002847,orgullo,false,false
1951,garganta,noun,11585,0.00002845,garganta gargantas,false,false
1952,maggie,noun,11582,0.00002844,maggie,false,false
1953,experimento,noun,11556,0.00002838,experimento experimentos,false,false
1954,león,noun,11552,0.00002837,león leones,false,false
1955,jones,noun,11544,0.00002835,jones,false,false
1956,veneno,noun,11544,0.00002835,veneno venenos,false,false
1957,fred,verb,11539,0.00002833,fred,false,false
1958,amanecer,verb,11538,0.00002833,amanecer amanezca amanece,false,false
1959,anciano,adj,11536,0.00002833,anciano ancianos,false,false
1960,forense,adj,11536,0.00002833,forense forenses,false,false
1961,fácilmente,adv,11534,0.00002832,fácilmente,false,false
1962,humo,noun,11530,0.00002831,humo humos,false,false
1963,incómodo,adj,11526,0.00002830,incómodo incómoda incómodos,false,false
1964,delicioso,adj,11520,0.00002829,delicioso deliciosos,false,false
1965,podria,verb,11511,0.00002827,podria podrias,false,false
1966,precisamente,adv,11511,0.00002827,precisamente,false,false
1967,camarada,adj,11507,0.00002826,camarada camaradas,false,false
1968,clásico,adj,11498,0.00002823,clásico clásica clásicos,false,false
1969,louis,noun,11498,0.00002823,louis,false,false
1970,obligado,adj,11497,0.00002823,obligado obligados obligada,false,false
1971,comentario,noun,11486,0.00002820,comentarios comentario,false,false
1972,emocionante,adj,11483,0.00002820,emocionante emocionantes,false,false
1973,refiere,other,11481,0.00002819,refiere,false,false
1974,muro,noun,11465,0.00002815,muro muros,false,false
1975,ronda,noun,11441,0.00002809,ronda rondas,false,false
1976,recurso,noun,11432,0.00002807,recursos recurso,false,false
1977,consciente,adj,11423,0.00002805,consciente conscientes,false,false
1978,activo,adj,11397,0.00002799,activo activa activos,false,false
1979,prohibido,adj,11391,0.00002797,prohibido prohibida prohibidos,false,false
1980,hundir,verb,11375,0.00002793,hundido hundió hundir,false,false
1981,trozo,noun,11375,0.00002793,trozo trozos,false,false
1982,sofá,noun,11367,0.00002791,sofá,false,false
1983,urgente,adj,11360,0.00002790,urgente urgentes,false,false
1984,costumbre,noun,11346,0.00002786,costumbre costumbres,false,false
1985,llover,verb,11344,0.00002786,llueve llover lloviendo,false,false
1986,competencia,noun,11321,0.00002780,competencia competencias,false,false
1987,bota,noun,11319,0.00002779,botas bota,false,false
1988,dil,noun,11316,0.00002779,diles dil,false,false
1989,espacial,adj,11315,0.00002778,espacial espaciales,false,false
1990,moto,noun,11307,0.00002777,moto motos,false,false
1991,vomitar,verb,11302,0.00002775,vomitar vomitando vomitó,false,false
1992,jo,interj,11287,0.00002772,jo jos,false,false
1993,doce,num,11283,0.00002771,doce,false,false
1994,apropiado,adj,11271,0.00002768,apropiado apropiada apropiados,false,false
1995,arder,verb,11263,0.00002766,ardiendo arde arder,false,false
1996,jackie,noun,11247,0.00002762,jackie,false,false
1997,reacción,noun,11244,0.00002761,reacción reacciones,false,false
1998,brillar,verb,11242,0.00002761,brilla brillar brillando,false,false
1999,conectado,adj,11235,0.00002759,conectado conectados conectada,false,false
2000,confundido,adj,11225,0.00002756,confundido confundida confundidos,false,false
2001,ensayo,noun,11219,0.00002755,ensayo ensayos,false,false
2002,méxico,noun,11218,0.00002755,méxico,false,false
2003,biblioteca,noun,11211,0.00002753,biblioteca bibliotecas,false,false
2004,relacionado,adj,11211,0.00002753,relacionado relacionados relacionada,false,false
2005,violación,noun,11206,0.00002752,violación violaciones,false,false
2006,nuclear,adj,11195,0.00002749,nuclear nucleares,false,false
2007,subtítulo,noun,11190,0.00002748,subtítulos subtítulo,false,false
2008,creado,adj,11174,0.00002744,creado creada creados,false,false
2009,despedida,noun,11171,0.00002743,despedida despedidas,false,false
2010,marear,verb,11166,0.00002742,marie mareo mareando,false,false
2011,transporte,noun,11166,0.00002742,transporte transportes,false,false
2012,jefa,noun,11141,0.00002736,jefa,false,false
2013,moral,adj,11135,0.00002734,moral morales,false,false
2014,docena,num,11125,0.00002732,docena docenas,false,false
2015,adorable,adj,11112,0.00002729,adorable,false,false
2016,sara,noun,11102,0.00002726,sara,false,false
2017,alteza,noun,11096,0.00002725,alteza,false,false
2018,demanda,noun,11090,0.00002723,demanda demandas,false,false
2019,abrazar,verb,11085,0.00002722,abrázame abrazar abrazarte,false,false
2020,misterioso,adj,11084,0.00002722,misterioso misteriosa misteriosas,false,false
2021,cultura,noun,11068,0.00002718,cultura culturas,false,false
2022,instrucción,noun,11063,0.00002717,instrucciones instrucción,false,false
2023,sacerdote,noun,11063,0.00002717,sacerdote sacerdotes,false,false
2024,robot,noun,11029,0.00002708,robot robots,false,false
2025,jueves,noun,11026,0.00002708,jueves,false,false
2026,medianoche,noun,11020,0.00002706,medianoche,false,false
2027,patio,noun,11015,0.00002705,patio patios,false,false
2028,encajar,verb,10995,0.00002700,encaja encajar encajan,false,false
2029,dibujo,noun,10994,0.00002700,dibujo dibujos,false,false
2030,arrepentir,verb,10990,0.00002699,arrepiento arrepentirás arrepentir,false,false
2031,coma,noun,10987,0.00002698,coma,false,false
2032,colina,noun,10986,0.00002698,colina colinas,false,false
2033,arrojar,verb,10981,0.00002696,arrojó arrojar arroja,false,false
2034,establecer,verb,10975,0.00002695,establecer establece estableció,false,false
2035,ambiente,noun,10955,0.00002690,ambiente ambientes,false,false
2036,patear,verb,10951,0.00002689,patear patea pateando,false,false
2037,primavera,noun,10950,0.00002689,primavera,false,false
2038,súper,adv,10943,0.00002687,súper,false,false
2039,martes,noun,10940,0.00002686,martes,false,false
2040,cinturón,noun,10936,0.00002685,cinturón cinturones,false,false
2041,pantalla,noun,10934,0.00002685,pantalla pantallas,false,false
2042,cristo,noun,10926,0.00002683,cristo,false,false
2043,francisco,noun,10926,0.00002683,francisco,false,false
2044,acostumbrado,adj,10925,0.00002683,acostumbrado acostumbrada acostumbrados,false,false
2045,escritor,noun,10924,0.00002682,escritor escritores,false,false
2046,cierre,noun,10921,0.00002682,cierre cierres,false,false
2047,howard,noun,10920,0.00002681,howard,false,false
2048,virgen,noun,10917,0.00002681,virgen,false,false
2049,reputación,noun,10910,0.00002679,reputación,false,false
2050,metal,noun,10907,0.00002678,metal metales,false,false
2051,apretar,verb,10906,0.00002678,aprieta apretar aprieto,false,false
2052,socorro,noun,10899,0.00002676,socorro,false,false
2053,templo,noun,10876,0.00002671,templo templos,false,false
2054,junta,noun,10869,0.00002669,junta,false,false
2055,helen,noun,10845,0.00002663,helen,false,false
2056,estupidez,noun,10840,0.00002662,estupidez estupideces,false,false
2057,ayudante,noun,10838,0.00002661,ayudante ayudantes,false,false
2058,actual,adj,10830,0.00002659,actual actuales,false,false
2059,bicicleta,noun,10819,0.00002657,bicicleta bicicletas,false,false
2060,nocturno,adj,10812,0.00002655,nocturno nocturna nocturnos,false,false
2061,túnel,noun,10805,0.00002653,túnel túneles,false,false
2062,bandera,noun,10784,0.00002648,bandera banderas,false,false
2063,guía,noun,10771,0.00002645,guía guías,false,false
2064,donna,noun,10768,0.00002644,donna,false,false
2065,poseer,verb,10761,0.00002642,posee poseer poseo,false,false
2066,pasta,noun,10758,0.00002642,pasta pastas,false,false
2067,territorio,noun,10745,0.00002639,territorio territorios,false,false
2068,mantén,verb,10743,0.00002638,mantén,false,false
2069,queja,noun,10739,0.00002637,queja quejas,false,false
2070,ave,noun,10737,0.00002637,aves ave,false,false
2071,fabuloso,adj,10732,0.00002635,fabuloso fabulosa fabulosos,false,false
2072,museo,noun,10730,0.00002635,museo museos,false,false
2073,superficie,noun,10720,0.00002632,superficie superficies,false,false
2074,convencido,adj,10719,0.00002632,convencido convencida convencidos,false,false
2075,discusión,noun,10718,0.00002632,discusión discusiones,false,false
2076,conservar,verb,10717,0.00002632,conservar conserva conservas,false,false
2077,salvado,adj,10715,0.00002631,salvado salvados salvadas,false,false
2078,terapia,noun,10714,0.00002631,terapia terapias,false,false
2079,actuación,noun,10704,0.00002628,actuación actuaciones,false,false
2080,almacén,noun,10703,0.00002628,almacén almacenes,false,false
2081,julio,noun,10691,0.00002625,julio,false,false
2082,ahogar,verb,10675,0.00002621,ahogó ahogando ahogar,false,false
2083,alejado,adj,10672,0.00002621,alejado alejada alejados,false,false
2084,favorita,other,10666,0.00002619,favorita,false,false
2085,anunciar,verb,10664,0.00002619,anunciar anunció anuncia,false,false
2086,helicóptero,noun,10661,0.00002618,helicóptero helicópteros,false,false
2087,comité,noun,10642,0.00002613,comité,false,false
2088,pico,noun,10634,0.00002611,pico pica picos,false,false
2089,harto,adj,10631,0.00002611,harto hartos hartas,false,false
2090,rescate,noun,10629,0.00002610,rescate,false,false
2091,aterrizar,verb,10619,0.00002608,aterrizar aterrizó aterriza,false,false
2092,elizabeth,noun,10611,0.00002606,elizabeth,false,false
2093,pánico,adj,10609,0.00002605,pánico,false,false
2094,barry,noun,10607,0.00002605,barry,false,false
2095,abby,noun,10606,0.00002604,abby,false,false
2096,exterior,adj,10601,0.00002603,exterior,false,false
2097,leyenda,noun,10601,0.00002603,leyenda leyendas,false,false
2098,dormitorio,noun,10599,0.00002603,dormitorio dormitorios,false,false
2099,cortado,adj,10575,0.00002597,cortado cortada cortadas,false,false
2100,patrick,noun,10569,0.00002595,patrick,false,false
2101,payaso,noun,10553,0.00002591,payaso payasos,false,false
2102,elegante,adj,10551,0.00002591,elegante,false,false
2103,internacional,adj,10547,0.00002590,internacional internacionales,false,false
2104,pasear,verb,10542,0.00002589,pasear paseando pasea,false,false
2105,tranquilizar,verb,10541,0.00002588,tranquilízate tranquilícese tranquiliza,false,false
2106,signo,noun,10540,0.00002588,signos signo,false,false
2107,andrew,noun,10534,0.00002587,andrew,false,false
2108,técnica,noun,10528,0.00002585,técnica técnicas,false,false
2109,dear,verb,10515,0.00002582,dean,false,false
2110,juntar,verb,10515,0.00002582,juntar juntamos juntan,false,false
2111,conde,noun,10512,0.00002581,conde,false,false
2112,enterrado,adj,10510,0.00002581,enterrado enterrada enterrados,false,false
2113,publicar,verb,10510,0.00002581,publicar publicó publica,false,false
2114,máscara,noun,10507,0.00002580,máscara máscaras,false,false
2115,antonio,noun,10489,0.00002576,antonio,false,false
2116,medido,adj,10480,0.00002573,medida medido,false,false
2117,punta,noun,10475,0.00002572,punta puntas,false,false
2118,ron,verb,10475,0.00002572,ron,false,false
2119,marca,noun,10472,0.00002571,marcas,false,false
2120,refugio,noun,10467,0.00002570,refugio refugios,false,false
2121,grano,noun,10465,0.00002570,grano granos,false,false
2122,cia,interj,10451,0.00002566,cia,false,false
2123,lily,noun,10439,0.00002563,lily,false,false
2124,gustado,adj,10433,0.00002562,gustado,false,false
2125,jamie,noun,10431,0.00002561,jamie,false,false
2126,raza,noun,10423,0.00002559,raza razas,false,false
2127,conejo,noun,10419,0.00002558,conejo conejos,false,false
2128,lucas,noun,10415,0.00002557,lucas,false,false
2129,vídeo,noun,10415,0.00002557,vídeo vídeos,false,false
2130,cazador,noun,10411,0.00002557,cazador cazadores,false,false
2131,división,noun,10399,0.00002554,división divisiones,false,false
2132,basado,adj,10395,0.00002553,basado basada basados,false,false
2133,ultimo,adj,10395,0.00002553,ultima ultimo ultimos,false,false
2134,encanto,noun,10391,0.00002552,encanto encantos,false,false
2135,asco,noun,10385,0.00002550,asco,false,false
2136,tono,noun,10383,0.00002550,tono tonos,false,false
2137,amanda,noun,10377,0.00002548,amanda,false,false
2138,sabor,noun,10376,0.00002548,sabor sabores,false,false
2139,rick,noun,10369,0.00002546,rick,false,false
2140,star,verb,10368,0.00002546,stan,false,false
2141,chef,noun,10367,0.00002546,chef chefs,false,false
2142,nuevamente,adv,10350,0.00002542,nuevamente,false,false
2143,depósito,noun,10346,0.00002541,depósito depósitos,false,false
2144,arreglado,adj,10345,0.00002540,arreglado arreglada arreglados,false,false
2145,valioso,other,10338,0.00002539,valioso valiosa valiosos,false,false
2146,grabación,noun,10336,0.00002538,grabación grabaciones,false,false
2147,cañón,noun,10325,0.00002535,cañón cañones,false,false
2148,cuán,adv,10324,0.00002535,cuán,false,false
2149,capacidad,noun,10321,0.00002534,capacidad capacidades,false,false
2150,km,noun,10320,0.00002534,km,false,false
2151,collar,verb,10316,0.00002533,collar collares,false,false
2152,comprometido,adj,10314,0.00002533,comprometido comprometida comprometidos,false,false
2153,patético,adj,10314,0.00002533,patético patética patéticos,false,false
2154,norma,noun,10312,0.00002532,normas norma,false,false
2155,absurdo,adj,10303,0.00002530,absurdo absurda absurdas,false,false
2156,paliza,noun,10301,0.00002529,paliza palizas,false,false
2157,enfadar,verb,10298,0.00002529,enfades enfadar enfade,false,false
2158,terry,noun,10292,0.00002527,terry,false,false
2159,pasajero,noun,10289,0.00002527,pasajeros pasajero pasajera,false,false
2160,método,noun,10288,0.00002526,método métodos,false,false
2161,juan,noun,10283,0.00002525,juan,false,false
2162,fantasía,noun,10282,0.00002525,fantasía fantasías,false,false
2163,piano,noun,10274,0.00002523,piano pianos,false,false
2164,madame,noun,10273,0.00002523,madame,false,false
2165,matemático,adj,10257,0.00002519,matemáticas matemática matemático,false,false
2166,voluntario,adj,10256,0.00002518,voluntario voluntarios voluntaria,false,false
2167,quinto,adj,10241,0.00002515,quinto quinta,false,false
2168,apreciar,verb,10235,0.00002513,apreciar aprecia apreciamos,false,false
2169,invitación,noun,10234,0.00002513,invitación invitaciones,false,false
2170,ceremonia,noun,10224,0.00002511,ceremonia ceremonias,false,false
2171,portar,verb,10220,0.00002510,pórtate porta portas,false,false
2172,suelta,noun,10216,0.00002509,suelta,false,false
2173,sucedido,adj,10207,0.00002506,sucedido,false,false
2174,masa,noun,10200,0.00002505,masa masas,false,false
2175,arreglo,noun,10193,0.00002503,arreglo arreglos,false,false
2176,expediente,noun,10193,0.00002503,expediente expedientes,false,false
2177,rescatar,verb,10183,0.00002501,rescatar rescatado rescató,false,false
2178,camiseta,noun,10179,0.00002500,camiseta camisetas,false,false
2179,reducir,verb,10175,0.00002499,reducir reduce redujo,false,false
2180,animar,verb,10161,0.00002495,anímate animar anima,false,false
2181,decente,adj,10161,0.00002495,decente decentes,false,false
2182,brown,noun,10138,0.00002489,brown,false,false
2183,rehén,noun,10130,0.00002487,rehenes rehén,false,false
2184,literalmente,adv,10126,0.00002487,literalmente,false,false
2185,aprecio,noun,10121,0.00002485,aprecio,false,false
2186,negativo,adj,10121,0.00002485,negativo negativos,false,false
2187,condado,noun,10120,0.00002485,condado condados,false,false
2188,sacrificio,noun,10101,0.00002480,sacrificio sacrificios,false,false
2189,confundir,verb,10093,0.00002478,confunde confundir confundió,false,false
2190,tripulación,noun,10093,0.00002478,tripulación tripulaciones,false,false
2191,robin,noun,10092,0.00002478,robin,false,false
2192,clínica,noun,10091,0.00002478,clínica,false,false
2193,revolución,noun,10084,0.00002476,revolución revoluciones,false,false
2194,alimento,noun,10066,0.00002472,alimentos alimento,false,false
2195,encendido,adj,10059,0.00002470,encendido encendida encendidas,false,false
2196,pulso,noun,10056,0.00002469,pulso pulsa pulsos,false,false
2197,tele,noun,10054,0.00002469,tele,false,false
2198,lamentar,verb,10053,0.00002469,lamentamos lamenta lamentar,false,false
2199,tio,noun,10053,0.00002469,tio tios,false,false
2200,custodia,other,10048,0.00002467,custodia,false,false
2201,hollywood,noun,10039,0.00002465,hollywood,false,false
2202,castigar,verb,10034,0.00002464,castigar castiga castigarme,false,false
2203,fiebre,verb,10022,0.00002461,fiebre,false,false
2204,johnson,noun,10019,0.00002460,johnson,false,false
2205,alquiler,noun,10017,0.00002460,alquiler alquileres,false,false
2206,herramienta,noun,10014,0.00002459,herramientas herramienta,false,false
2207,nacimiento,noun,10010,0.00002458,nacimiento nacimientos,false,false
2208,concurso,noun,10007,0.00002457,concurso concursos,false,false
2209,cumplido,adj,9997,0.00002455,cumplido cumplida cumplidos,false,false
2210,abrazo,noun,9993,0.00002454,abrazo abrazos,false,false
2211,función,noun,9993,0.00002454,función funciones,false,false
2212,honestamente,adv,9991,0.00002453,honestamente,false,false
2213,greg,noun,9976,0.00002450,greg,false,false
2214,temperatura,noun,9973,0.00002449,temperatura temperaturas,false,false
2215,despedido,adj,9968,0.00002448,despedido despedidos,false,false
2216,asalto,noun,9957,0.00002445,asalto asaltos,false,false
2217,ligero,adj,9954,0.00002444,ligero ligera ligeros,false,false
2218,despegar,verb,9946,0.00002442,despegar despegue despejen,false,false
2219,sensible,adj,9943,0.00002442,sensible sensibles,false,false
2220,involucrar,verb,9934,0.00002439,involucra involucrarme involucrar,false,false
2221,adios,adj,9921,0.00002436,adios,false,false
2222,cometido,adj,9920,0.00002436,cometido cometidos,false,false
2223,salto,noun,9900,0.00002431,salto saltos,false,false
2224,mate,noun,9894,0.00002430,mate,false,false
2225,emplear,verb,9892,0.00002429,empleado emplear emplea,false,false
2226,quemado,adj,9891,0.00002429,quemado quemada quemados,false,false
2227,generoso,adj,9876,0.00002425,generoso generosa generosos,false,false
2228,emperador,noun,9870,0.00002424,emperador emperadores,false,false
2229,italia,noun,9865,0.00002422,italia,false,false
2230,coincidir,verb,9857,0.00002420,coincide coinciden coincidir,false,false
2231,sally,noun,9857,0.00002420,sally,false,false
2232,amén,adv,9852,0.00002419,amén,false,false
2233,borrar,verb,9852,0.00002419,borrar borra borró,false,false
2234,mac,noun,9848,0.00002418,mac,false,false
2235,acusación,noun,9845,0.00002418,acusación acusaciones,false,false
2236,gasolina,noun,9841,0.00002417,gasolina,false,false
2237,tyler,noun,9832,0.00002414,tyler,false,false
2238,localizar,verb,9826,0.00002413,localizar localizarlo localizarla,false,false
2239,miserable,adj,9824,0.00002412,miserable miserables,false,false
2240,cogido,adj,9818,0.00002411,cogido cogida cogidos,false,false
2241,industria,noun,9815,0.00002410,industria industrias,false,false
2242,planeado,adj,9805,0.00002408,planeado planeada planeadas,false,false
2243,ola,noun,9797,0.00002406,ola olas,false,false
2244,corona,noun,9785,0.00002403,corona coronas,false,false
2245,callado,adj,9772,0.00002400,callado callada callados,false,false
2246,texas,noun,9772,0.00002400,texas,false,false
2247,gemelo,noun,9763,0.00002397,gemelos gemelas gemelo,false,false
2248,ricky,pron,9763,0.00002397,ricky,false,false
2249,eterno,adj,9762,0.00002397,eterna eterno eternos,false,false
2250,femenino,adj,9762,0.00002397,femenina femenino femeninas,false,false
2251,batería,noun,9752,0.00002395,batería baterías,false,false
2252,crema,noun,9751,0.00002394,crema cremas,false,false
2253,romano,adj,9743,0.00002392,romano romanos romana,false,false
2254,típico,adj,9741,0.00002392,típico típica típicos,false,false
2255,procedimiento,noun,9740,0.00002392,procedimiento procedimientos,false,false
2256,almorzar,verb,9719,0.00002387,almorzar almorzando almorzamos,false,false
2257,pariente,noun,9717,0.00002386,parientes pariente,false,false
2258,instante,adv,9716,0.00002386,instante instantes,false,false
2259,rueda,noun,9716,0.00002386,ruedas,false,false
2260,recientemente,adv,9711,0.00002385,recientemente,false,false
2261,boleto,noun,9687,0.00002379,boleto boletos,false,false
2262,tina,noun,9687,0.00002379,tina,false,false
2263,gasto,noun,9686,0.00002378,gastos gasto,false,false
2264,ofender,verb,9674,0.00002376,ofender ofende ofenderte,false,false
2265,denunciar,verb,9673,0.00002375,denuncia denunciar denunció,false,false
2266,onda,noun,9668,0.00002374,onda ondas,false,false
2267,soltero,noun,9664,0.00002373,soltero solteros,false,false
2268,alegre,adj,9655,0.00002371,alegre alegres,false,false
2269,hamburguesa,noun,9652,0.00002370,hamburguesa hamburguesas,false,false
2270,personalidad,noun,9635,0.00002366,personalidad personalidades,false,false
2271,recomendar,verb,9633,0.00002365,recomiendo recomendó recomienda,false,false
2272,maestra,noun,9629,0.00002364,maestra,false,false
2273,ascensor,noun,9628,0.00002364,ascensor ascensores,false,false
2274,solucionar,verb,9627,0.00002364,solucionar solucionarlo solucionaremos,false,false
2275,dispositivo,noun,9625,0.00002363,dispositivo dispositivos,false,false
2276,elemento,noun,9623,0.00002363,elementos elemento,false,false
2277,filmar,verb,9618,0.00002362,filmar filmando filmó,false,false
2278,alcance,noun,9613,0.00002361,alcance,false,false
2279,flota,noun,9610,0.00002360,flota flotas,false,false
2280,nieto,noun,9599,0.00002357,nieto nietos,false,false
2281,despejado,adj,9594,0.00002356,despejado despejada despejados,false,false
2282,figura,noun,9580,0.00002352,figura figuras,false,false
2283,plaza,noun,9578,0.00002352,plaza plazas,false,false
2284,alquilar,verb,9574,0.00002351,alquilar alquilado alquiló,false,false
2285,apellido,noun,9566,0.00002349,apellido apellidos,false,false
2286,nervio,noun,9562,0.00002348,nervios nervio,false,false
2287,instinto,noun,9555,0.00002346,instinto instintos,false,false
2288,marty,verb,9513,0.00002336,marty,false,false
2289,entrado,adj,9510,0.00002335,entrado,false,false
2290,patata,noun,9508,0.00002335,patatas patata,false,false
2291,cartera,noun,9498,0.00002332,cartera carteras,false,false
2292,molly,verb,9498,0.00002332,molly,false,false
2293,lata,noun,9477,0.00002327,lata latas,false,false
2294,prácticamente,adv,9476,0.00002327,prácticamente,false,false
2295,pescar,verb,9470,0.00002325,pescar pescando pescó,false,false
2296,aceite,noun,9469,0.00002325,aceite aceites,false,false
2297,pasaporte,noun,9467,0.00002325,pasaporte pasaportes,false,false
2298,informado,adj,9461,0.00002323,informado informada informados,false,false
2299,golf,noun,9456,0.00002322,golf,false,false
2300,disparado,adj,9455,0.00002322,disparado disparados disparadas,false,false
2301,betty,noun,9454,0.00002322,betty,false,false
2302,marco,noun,9451,0.00002321,marco,false,false
2303,imaginación,noun,9448,0.00002320,imaginación imaginaciones,false,false
2304,diseño,noun,9446,0.00002320,diseño diseños,false,false
2305,bruce,other,9444,0.00002319,bruce,false,false
2306,ross,noun,9444,0.00002319,ross,false,false
2307,alternativa,noun,9439,0.00002318,alternativa alternativas,false,false
2308,tradición,noun,9439,0.00002318,tradición tradiciones,false,false
2309,complejo,adj,9438,0.00002318,complejo compleja complejos,false,false
2310,dylan,noun,9436,0.00002317,dylan,false,false
2311,tubo,noun,9436,0.00002317,tubo tubos,false,false
2312,treinta,num,9426,0.00002315,treinta,false,false
2313,gordon,noun,9418,0.00002313,gordon,false,false
2314,adonde,conj,9417,0.00002312,adonde,false,false
2315,golpeado,adj,9417,0.00002312,golpeado golpeada golpeados,false,false
2316,tensión,noun,9417,0.00002312,tensión tensiones,false,false
2317,jesse,adv,9414,0.00002312,jesse,false,false
2318,plástico,noun,9412,0.00002311,plástico plástica plásticos,false,false
2319,novela,noun,9404,0.00002309,novela novelas,false,false
2320,comisaría,noun,9402,0.00002309,comisaría comisarías,false,false
2321,desarrollar,verb,9394,0.00002307,desarrollar desarrollando desarrolló,false,false
2322,japón,noun,9392,0.00002306,japón japones,false,false
2323,hitler,noun,9390,0.00002306,hitler,false,false
2324,temporal,adj,9390,0.00002306,temporal temporales,false,false
2325,anne,noun,9387,0.00002305,anne,false,false
2326,fruta,noun,9380,0.00002303,fruta frutas,false,false
2327,patrulla,noun,9372,0.00002301,patrulla patrullas,false,false
2328,esperado,adj,9366,0.00002300,esperado esperada,false,false
2329,eva,noun,9360,0.00002298,eva,false,false
2330,gallina,other,9359,0.00002298,gallina gallinas,false,false
2331,rusia,noun,9357,0.00002298,rusia,false,false
2332,unión,noun,9355,0.00002297,unión uniones,false,false
2333,capturar,verb,9351,0.00002296,capturar capturados capturaron,false,false
2334,borde,noun,9350,0.00002296,borde bordes,false,false
2335,espía,noun,9347,0.00002295,espía,false,false
2336,delicado,adj,9342,0.00002294,delicado delicada delicados,false,false
2337,oliver,noun,9337,0.00002293,oliver,false,false
2338,actriz,noun,9332,0.00002292,actriz actrices,false,false
2339,roy,noun,9330,0.00002291,roy,false,false
2340,combustible,noun,9325,0.00002290,combustible combustibles,false,false
2341,contesto,adj,9325,0.00002290,contesta,false,false
2342,caída,noun,9319,0.00002288,caída caídas,false,false
2343,charlotte,verb,9308,0.00002286,charlotte,false,false
2344,atado,adj,9306,0.00002285,atado atada atadas,false,false
2345,cerebral,adj,9306,0.00002285,cerebral cerebrales,false,false
2346,igualmente,adv,9286,0.00002280,igualmente,false,false
2347,anotar,verb,9244,0.00002270,anota anotar anotado,false,false
2348,biblia,noun,9244,0.00002270,biblia,false,false
2349,saludo,noun,9241,0.00002269,saludos,false,false
2350,katie,noun,9236,0.00002268,katie,false,false
2351,razonable,adj,9233,0.00002267,razonable razonables,false,false
2352,aceptado,adj,9228,0.00002266,aceptado aceptada aceptadas,false,false
2353,niñera,noun,9225,0.00002265,niñera niñeras,false,false
2354,probado,adj,9223,0.00002265,probado probada probados,false,false
2355,parker,noun,9220,0.00002264,parker,false,false
2356,retirado,adj,9219,0.00002264,retirado retirada retirados,false,false
2357,lidiar,verb,9218,0.00002264,lidiar lidiando lidiamos,false,false
2358,nathan,other,9218,0.00002264,nathan,false,false
2359,rodeado,adj,9216,0.00002263,rodeado rodeada rodeados,false,false
2360,posiblemente,adv,9212,0.00002262,posiblemente,false,false
2361,prima,other,9206,0.00002261,prima primas,false,false
2362,enfrente,adv,9199,0.00002259,enfrente,false,false
2363,aliento,noun,9188,0.00002256,aliento,false,false
2364,imperio,noun,9187,0.00002256,imperio imperios,false,false
2365,musical,adj,9185,0.00002255,musical musicales,false,false
2366,áfrica,noun,9184,0.00002255,áfrica,false,false
2367,arruinado,adj,9179,0.00002254,arruinado arruinada arruinados,false,false
2368,construcción,noun,9148,0.00002246,construcción construcciones,false,false
2369,ideal,adj,9138,0.00002244,ideal ideales,false,false
2370,ánimo,noun,9136,0.00002243,ánimo ánimos,false,false
2371,tarta,noun,9131,0.00002242,tarta tartas,false,false
2372,st,interj,9129,0.00002242,st,false,false
2373,lectura,noun,9128,0.00002241,lectura lecturas,false,false
2374,pendiente,adj,9126,0.00002241,pendiente pendientes,false,false
2375,petición,noun,9125,0.00002241,petición peticiones,false,false
2376,cabaña,noun,9121,0.00002240,cabaña cabañas,false,false
2377,naturalmente,adv,9113,0.00002238,naturalmente,false,false
2378,dorado,adj,9103,0.00002235,dorado dorada dorados,false,false
2379,perfil,noun,9101,0.00002235,perfil perfiles,false,false
2380,similar,adj,9088,0.00002232,similar similares,false,false
2381,jay,noun,9086,0.00002231,jay,false,false
2382,expresar,verb,9081,0.00002230,expresar expresa expresarse,false,false
2383,muestra,noun,9078,0.00002229,muestras,false,false
2384,wilson,noun,9075,0.00002228,wilson,false,false
2385,cruzado,adj,9070,0.00002227,cruzado cruzada cruzados,false,false
2386,asistir,verb,9067,0.00002226,asistir asistió asiste,false,false
2387,naranja,noun,9064,0.00002226,naranja naranjas,false,false
2388,cantante,noun,9060,0.00002225,cantante cantantes,false,false
2389,cartel,noun,9058,0.00002224,cartel carteles,false,false
2390,frankie,noun,9054,0.00002223,frankie,false,false
2391,españa,noun,9050,0.00002222,españa,false,false
2392,estrategia,noun,9046,0.00002221,estrategia estrategias,false,false
2393,calidad,noun,9043,0.00002221,calidad,false,false
2394,molestia,noun,9043,0.00002221,molestia molestias,false,false
2395,frecuencia,noun,9038,0.00002219,frecuencia frecuencias,false,false
2396,cita,noun,9035,0.00002219,citas,false,false
2397,egoísta,adj,9031,0.00002218,egoísta egoístas,false,false
2398,cansar,verb,9029,0.00002217,cansé cansando cansa,false,false
2399,guión,noun,9026,0.00002216,guión guiones,false,false
2400,garantizar,verb,9022,0.00002215,garantizo garantizar garantiza,false,false
2401,célula,noun,9018,0.00002214,células célula,false,false
2402,secretaria,noun,9015,0.00002214,secretaria secretarias,false,false
2403,sobrino,noun,8997,0.00002209,sobrino sobrinos,false,false
2404,lewis,noun,8992,0.00002208,lewis,false,false
2405,sinceramente,adv,8992,0.00002208,sinceramente,false,false
2406,raíz,noun,8987,0.00002207,raíces raíz,false,false
2407,chloe,other,8986,0.00002207,chloe,false,false
2408,religión,noun,8977,0.00002204,religión religiones,false,false
2409,campana,noun,8975,0.00002204,campana campanas,false,false
2410,tocado,adj,8975,0.00002204,tocado tocada tocados,false,false
2411,acceder,verb,8974,0.00002204,acceder accedió accedido,false,false
2412,vincent,noun,8969,0.00002202,vincent,false,false
2413,propietario,noun,8967,0.00002202,propietario propietarios propietaria,false,false
2414,cueva,noun,8966,0.00002202,cueva cuevas,false,false
2415,escándalo,noun,8955,0.00002199,escándalo escándalos,false,false
2416,presentación,noun,8954,0.00002199,presentación presentaciones,false,false
2417,policia,noun,8953,0.00002198,policia policias,false,false
2418,oculto,adj,8948,0.00002197,oculto ocultas ocultos,false,false
2419,justin,adj,8946,0.00002197,justin,false,false
2420,jordan,other,8934,0.00002194,jordan,false,false
2421,influencia,noun,8931,0.00002193,influencia influencias,false,false
2422,liga,noun,8930,0.00002193,liga ligas,false,false
2423,atreves,verb,8928,0.00002192,atreves,false,false
2424,satisfecho,adj,8918,0.00002190,satisfecho satisfecha satisfechos,false,false
2425,surgir,verb,8912,0.00002188,surgió surge surgir,false,false
2426,capital,noun,8911,0.00002188,capital capitales,false,false
2427,excelencia,noun,8910,0.00002188,excelencia,false,false
2428,suelto,adj,8909,0.00002188,suelto sueltos sueltas,false,false
2429,sorprendente,adj,8900,0.00002185,sorprendente sorprendentes,false,false
2430,disfraz,noun,8896,0.00002184,disfraz disfraces,false,false
2431,expresión,noun,8889,0.00002183,expresión expresiones,false,false
2432,doug,adj,8879,0.00002180,doug,false,false
2433,gusano,adj,8872,0.00002179,gusano gusanos,false,false
2434,médica,noun,8868,0.00002178,médica,false,false
2435,interrogar,verb,8865,0.00002177,interrogar interrogando interrogarlo,false,false
2436,pozo,noun,8863,0.00002176,pozo pozos,false,false
2437,sumar,verb,8860,0.00002176,suma sumo sumar,false,false
2438,admirar,verb,8857,0.00002175,admiro admirar admira,false,false
2439,jean,noun,8855,0.00002174,jean,false,false
2440,pluma,noun,8854,0.00002174,pluma plumas,false,false
2441,texto,noun,8854,0.00002174,texto textos,false,false
2442,avergonzado,adj,8845,0.00002172,avergonzado avergonzada avergonzados,false,false
2443,cojones,noun,8841,0.00002171,cojones,false,false
2444,uña,noun,8838,0.00002170,uñas uña,false,false
2445,lealtad,noun,8835,0.00002170,lealtad lealtades,false,false
2446,alumno,noun,8823,0.00002167,alumnos alumno,false,false
2447,mago,noun,8817,0.00002165,mago magos,false,false
2448,tiburón,noun,8817,0.00002165,tiburón tiburones,false,false
2449,cargado,adj,8816,0.00002165,cargado cargada cargados,false,false
2450,horario,noun,8794,0.00002159,horario horarios horaria,false,false
2451,arroz,noun,8783,0.00002157,arroz,false,false
2452,resistencia,noun,8783,0.00002157,resistencia,false,false
2453,alianza,noun,8782,0.00002156,alianza alianzas,false,false
2454,reciente,adj,8780,0.00002156,reciente recientes,false,false
2455,boston,noun,8775,0.00002155,boston,false,false
2456,valle,noun,8758,0.00002151,valle valles,false,false
2457,reaccionar,verb,8755,0.00002150,reaccionar reacciona reaccionó,false,false
2458,cooper,noun,8747,0.00002148,cooper,false,false
2459,destrozar,verb,8747,0.00002148,destrozar destrozó destrozando,false,false
2460,policial,adj,8737,0.00002145,policial policiales,false,false
2461,enojar,verb,8734,0.00002145,enojar enojes enojarse,false,false
2462,explosivo,noun,8721,0.00002142,explosivos explosivo explosiva,false,false
2463,capítulo,noun,8717,0.00002141,capítulo capítulos,false,false
2464,jeremy,noun,8714,0.00002140,jeremy,false,false
2465,reto,noun,8700,0.00002136,reto retos,false,false
2466,gimnasio,noun,8698,0.00002136,gimnasio gimnasios,false,false
2467,lenguaje,noun,8691,0.00002134,lenguaje lenguajes,false,false
2468,símbolo,noun,8688,0.00002133,símbolo símbolos,false,false
2469,verificar,verb,8688,0.00002133,verificar verifica verificado,false,false
2470,nina,other,8680,0.00002131,nina,false,false
2471,exigir,verb,8674,0.00002130,exige exijo exigir,false,false
2472,progreso,noun,8670,0.00002129,progreso progresos,false,false
2473,sangrar,verb,8665,0.00002128,sangrando sangrar sangran,false,false
2474,cole,noun,8642,0.00002122,cole,false,false
2475,lanza,noun,8634,0.00002120,lanza lanzas,false,false
2476,religioso,adj,8633,0.00002120,religiosa religioso religiosos,false,false
2477,vendedor,noun,8633,0.00002120,vendedor vendedores,false,false
2478,carol,noun,8632,0.00002120,carol,false,false
2479,grito,noun,8632,0.00002120,gritos,false,false
2480,antecedente,noun,8630,0.00002119,antecedentes antecedente,false,false
2481,garaje,noun,8630,0.00002119,garaje garajes,false,false
2482,interpretar,verb,8613,0.00002115,interpretar intérprete interpreta,false,false
2483,holm,noun,8604,0.00002113,holmes holm,false,false
2484,capa,noun,8598,0.00002111,capa capas,false,false
2485,nazi,noun,8585,0.00002108,nazis nazi,false,false
2486,guitarra,noun,8581,0.00002107,guitarra guitarras,false,false
2487,toalla,noun,8577,0.00002106,toalla toallas,false,false
2488,lujo,noun,8570,0.00002104,lujo lujos,false,false
2489,propuesta,noun,8568,0.00002104,propuesta propuestas,false,false
2490,confesión,noun,8556,0.00002101,confesión confesiones,false,false
2491,tragar,verb,8556,0.00002101,tragar traga tragó,false,false
2492,financiero,adj,8550,0.00002100,financiero financiera financieros,false,false
2493,limpieza,noun,8548,0.00002099,limpieza,false,false
2494,ratón,noun,8545,0.00002098,ratón ratones,false,false
2495,encargado,adj,8544,0.00002098,encargado encargada encargados,false,false
2496,rebecca,noun,8539,0.00002097,rebecca,false,false
2497,porquería,conj,8538,0.00002097,porquería porquerías,false,false
2498,obedecer,verb,8534,0.00002096,obedecer obedece obedezco,false,false
2499,atar,verb,8532,0.00002095,atar ata ató,false,false
2500,vecindario,noun,8531,0.00002095,vecindario vecindarios,false,false
2501,cao,noun,8528,0.00002094,caos cao,false,false
2502,producción,noun,8526,0.00002094,producción producciones,false,false
2503,gerente,noun,8525,0.00002093,gerente gerentes,false,false
2504,jessica,noun,8524,0.00002093,jessica,false,false
2505,pulmón,noun,8524,0.00002093,pulmones pulmón,false,false
2506,potencial,adj,8523,0.00002093,potencial potenciales,false,false
2507,atacado,adj,8519,0.00002092,atacado atacada atacados,false,false
2508,patada,noun,8516,0.00002091,patada patadas,false,false
2509,habia,verb,8510,0.00002090,habia,false,false
2510,bombero,noun,8509,0.00002089,bomberos bombero,false,false
2511,ilusión,noun,8503,0.00002088,ilusión ilusiones,false,false
2512,aniversario,noun,8494,0.00002086,aniversario aniversarios,false,false
2513,hada,noun,8488,0.00002084,hadas hada,false,false
2514,miller,noun,8479,0.00002082,miller,false,false
2515,gilipollas,other,8475,0.00002081,gilipollas,false,false
2516,vengar,verb,8472,0.00002080,vengarse vengar vengarme,false,false
2517,tigre,noun,8470,0.00002080,tigre tigres,false,false
2518,paraíso,noun,8469,0.00002080,paraíso,false,false
2519,pleno,adj,8466,0.00002079,plena pleno,false,false
2520,rumbo,noun,8458,0.00002077,rumbo rumba,false,false
2521,lentamente,adv,8445,0.00002074,lentamente,false,false
2522,breve,adj,8441,0.00002073,breve breves,false,false
2523,infantil,adj,8437,0.00002072,infantil infantiles,false,false
2524,fiel,adj,8429,0.00002070,fiel fieles,false,false
2525,casco,noun,8423,0.00002068,casco cascos,false,false
2526,dick,noun,8413,0.00002066,dick,false,false
2527,apuesta,noun,8407,0.00002064,apuestas,false,false
2528,candidato,noun,8407,0.00002064,candidato candidatos,false,false
2529,secretario,noun,8397,0.00002062,secretario secretarios,false,false
2530,secuestro,noun,8397,0.00002062,secuestro secuestros,false,false
2531,preciso,adj,8388,0.00002060,preciso precisos precisas,false,false
2532,griego,adj,8384,0.00002059,griego griegos griega,false,false
2533,vaquero,other,8383,0.00002059,vaquero vaqueros,false,false
2534,rebelde,noun,8372,0.00002056,rebeldes rebelde,false,false
2535,davis,noun,8354,0.00002051,davis,false,false
2536,pandilla,noun,8350,0.00002050,pandilla pandillas,false,false
2537,agrado,adj,8348,0.00002050,agrada agrado,false,false
2538,pegado,adj,8346,0.00002049,pegado pegada pegados,false,false
2539,negociar,verb,8342,0.00002048,negociar negociando negocia,false,false
2540,apetece,other,8338,0.00002047,apetece,false,false
2541,corredor,noun,8337,0.00002047,corredor corredores,false,false
2542,gota,noun,8336,0.00002047,gota gotas,false,false
2543,reparar,verb,8336,0.00002047,reparar reparado repararlo,false,false
2544,aldea,noun,8333,0.00002046,aldea aldeas,false,false
2545,permitido,adj,8327,0.00002045,permitido permitida permitidos,false,false
2546,añadir,verb,8325,0.00002044,añadir añade añadió,false,false
2547,monsieur,noun,8322,0.00002044,monsieur,false,false
2548,miércoles,noun,8314,0.00002042,miércoles,false,false
2549,doloroso,adj,8305,0.00002039,doloroso dolorosa dolorosos,false,false
2550,profesora,noun,8300,0.00002038,profesora profesoras,false,false
2551,publicidad,noun,8287,0.00002035,publicidad,false,false
2552,russell,noun,8287,0.00002035,russell,false,false
2553,aliado,noun,8280,0.00002033,aliados aliado aliada,false,false
2554,todd,noun,8280,0.00002033,todd,false,false
2555,kenny,noun,8279,0.00002033,kenny,false,false
2556,ingeniero,noun,8268,0.00002030,ingeniero ingenieros,false,false
2557,básico,adj,8267,0.00002030,básico básica básicas,false,false
2558,pirata,noun,8259,0.00002028,piratas pirata,false,false
2559,quince,num,8256,0.00002027,quince,false,false
2560,follar,verb,8254,0.00002027,follar follando follen,false,false
2561,examinar,verb,8253,0.00002027,examinar examinando examinó,false,false
2562,coartada,noun,8252,0.00002026,coartada coartadas,false,false
2563,armar,verb,8251,0.00002026,armar armando arman,false,false
2564,opinar,verb,8248,0.00002025,opina opino opinan,false,false
2565,nací,noun,8242,0.00002024,nací,false,false
2566,temblar,verb,8240,0.00002023,temblando temblar tiembla,false,false
2567,delgado,adj,8233,0.00002022,delgado delgada delgadas,false,false
2568,tragedia,noun,8228,0.00002020,tragedia tragedias,false,false
2569,mia,noun,8223,0.00002019,mia mias,false,false
2570,rollo,noun,8219,0.00002018,rollo rollos,false,false
2571,sufrimiento,noun,8216,0.00002018,sufrimiento sufrimientos,false,false
2572,gafas,noun,8215,0.00002017,gafas,false,false
2573,medicamento,noun,8211,0.00002016,medicamentos medicamento,false,false
2574,escudo,noun,8207,0.00002015,escudo escudos,false,false
2575,testimonio,noun,8207,0.00002015,testimonio testimonios,false,false
2576,oración,noun,8205,0.00002015,oración oraciones,false,false
2577,hechizo,other,8192,0.00002012,hechizo hechizos,false,false
2578,bendiga,verb,8185,0.00002010,bendiga,false,false
2579,hannah,verb,8179,0.00002008,hannah,false,false
2580,marcus,verb,8179,0.00002008,marcus,false,false
2581,conclusión,noun,8174,0.00002007,conclusión conclusiones,false,false
2582,colección,noun,8170,0.00002006,colección colecciones,false,false
2583,fatal,adj,8166,0.00002005,fatal fatales,false,false
2584,guiar,verb,8165,0.00002005,guiar guiará guíe,false,false
2585,brindar,verb,8163,0.00002004,brindemos brindar brindo,false,false
2586,fracasar,verb,8163,0.00002004,fracasado fracasar fracasó,false,false
2587,probabilidad,noun,8162,0.00002004,probabilidades probabilidad,false,false
2588,albert,noun,8140,0.00001999,albert,false,false
2589,profundamente,adv,8138,0.00001998,profundamente,false,false
2590,pastor,noun,8134,0.00001997,pastor pastores,false,false
2591,límite,noun,8127,0.00001996,límites,false,false
2592,auxilio,noun,8125,0.00001995,auxilio auxilios,false,false
2593,debilidad,noun,8125,0.00001995,debilidad debilidades,false,false
2594,gris,adj,8124,0.00001995,gris grises,false,false
2595,super,noun,8121,0.00001994,super,false,false
2596,existencia,noun,8120,0.00001994,existencia existencias,false,false
2597,piedad,noun,8114,0.00001992,piedad,false,false
2598,heroína,noun,8106,0.00001990,heroína heroínas,false,false
2599,reportar,verb,8106,0.00001990,reportar reportó reporta,false,false
2600,receta,noun,8102,0.00001990,receta recetas,false,false
2601,distraer,verb,8095,0.00001988,distraído distraer distrae,false,false
2602,opina,adj,8090,0.00001987,opinas,false,false
2603,sera,other,8088,0.00001986,sera seras,false,false
2604,impacto,noun,8080,0.00001984,impacto impactos,false,false
2605,alfombra,other,8079,0.00001984,alfombra alfombras,false,false
2606,preso,noun,8079,0.00001984,preso presos,false,false
2607,protegido,adj,8078,0.00001984,protegido protegida protegidos,false,false
2608,traición,noun,8074,0.00001983,traición traiciones,false,false
2609,toby,verb,8071,0.00001982,toby,false,false
2610,harvey,noun,8060,0.00001979,harvey,false,false
2611,hierro,noun,8057,0.00001978,hierro hierros,false,false
2612,productor,noun,8057,0.00001978,productor productores,false,false
2613,clima,noun,8055,0.00001978,clima climas,false,false
2614,alterar,verb,8043,0.00001975,alterado alterar altera,false,false
2615,ios,noun,8040,0.00001974,ios,false,false
2616,randy,noun,8039,0.00001974,randy,false,false
2617,construido,adj,8038,0.00001974,construido construida construidos,false,false
2618,aguja,noun,8036,0.00001973,aguja agujas,false,false
2619,dificultad,noun,8036,0.00001973,dificultades dificultad,false,false
2620,urgencia,noun,8027,0.00001971,urgencias urgencia,false,false
2621,solar,adj,8024,0.00001970,solar solares,false,false
2622,blake,noun,8019,0.00001969,blake,false,false
2623,catherine,pron,8019,0.00001969,catherine,false,false
2624,oficialmente,adv,8014,0.00001968,oficialmente,false,false
2625,cementerio,noun,8011,0.00001967,cementerio cementerios,false,false
2626,aguardar,verb,8004,0.00001965,aguarda aguarde aguarden,false,false
2627,analizar,verb,8004,0.00001965,analizar analizando analiza,false,false
2628,margaret,noun,8003,0.00001965,margaret,false,false
2629,ian,noun,7992,0.00001962,ian,false,false
2630,llegada,noun,7985,0.00001961,llegada llegadas,false,false
2631,chocar,verb,7976,0.00001959,chocó choca chocar,false,false
2632,equipaje,noun,7973,0.00001958,equipaje equipajes,false,false
2633,juventud,noun,7972,0.00001958,juventud,false,false
2634,grant,adj,7960,0.00001955,grant,false,false
2635,multitud,noun,7958,0.00001954,multitud multitudes,false,false
2636,viuda,noun,7954,0.00001953,viuda viudas,false,false
2637,idioma,noun,7944,0.00001951,idioma idiomas,false,false
2638,sophie,noun,7944,0.00001951,sophie,false,false
2639,huésped,noun,7936,0.00001949,huéspedes huésped,false,false
2640,oscar,noun,7935,0.00001949,oscar oscars,false,false
2641,mayo,noun,7923,0.00001946,mayo,false,false
2642,pato,interj,7921,0.00001945,pato patos,false,false
2643,derek,noun,7906,0.00001941,derek,false,false
2644,sueldo,noun,7889,0.00001937,sueldo sueldos,false,false
2645,callejón,noun,7879,0.00001935,callejón callejones,false,false
2646,camarero,noun,7875,0.00001934,camarero camareros,false,false
2647,verdaderamente,adv,7875,0.00001934,verdaderamente,false,false
2648,enhorabuena,noun,7871,0.00001933,enhorabuena,false,false
2649,casey,noun,7869,0.00001932,casey,false,false
2650,impresionado,adj,7857,0.00001929,impresionado impresionada impresionados,false,false
2651,char,verb,7856,0.00001929,chan chen char,false,false
2652,nate,noun,7851,0.00001928,nate,false,false
2653,suplicar,verb,7849,0.00001927,suplico suplicar suplicando,false,false
2654,wayne,noun,7839,0.00001925,wayne,false,false
2655,registrado,adj,7836,0.00001924,registrado registrada registrados,false,false
2656,sería,noun,7836,0.00001924,serías,false,false
2657,fracaso,noun,7835,0.00001924,fracaso fracasos,false,false
2658,proceder,verb,7834,0.00001924,proceder procede proceda,false,false
2659,retener,verb,7831,0.00001923,retener retiene reteniendo,false,false
2660,brad,noun,7826,0.00001922,brad,false,false
2661,inmunidad,noun,7823,0.00001921,inmunidad,false,false
2662,fase,noun,7820,0.00001920,fase fases,false,false
2663,vital,adj,7804,0.00001916,vital vitales,false,false
2664,caramelo,noun,7801,0.00001916,caramelos caramelo,false,false
2665,carácter,noun,7801,0.00001916,carácter,false,false
2666,bendición,noun,7796,0.00001914,bendición bendiciones,false,false
2667,steven,noun,7794,0.00001914,steven,false,false
2668,factura,noun,7792,0.00001913,factura facturas,false,false
2669,extender,verb,7789,0.00001913,extiende extender extendió,false,false
2670,firmado,adj,7781,0.00001911,firmado firmada firmados,false,false
2671,acudir,verb,7780,0.00001910,acudir acudió acude,false,false
2672,rifle,noun,7780,0.00001910,rifle rifles,false,false
2673,emocional,adj,7779,0.00001910,emocional emocionales,false,false
2674,poema,noun,7775,0.00001909,poema poemas,false,false
2675,desafortunadamente,adv,7774,0.00001909,desafortunadamente,false,false
2676,representante,noun,7772,0.00001908,representante representantes,false,false
2677,poli,noun,7758,0.00001905,poli,false,false
2678,elena,noun,7752,0.00001904,elena,false,false
2679,fascinante,adj,7748,0.00001903,fascinante fascinantes,false,false
2680,vince,noun,7742,0.00001901,vince,false,false
2681,grosero,adj,7741,0.00001901,grosero grosera groseros,false,false
2682,caray,noun,7738,0.00001900,caray,false,false
2683,significado,noun,7734,0.00001899,significado significados,false,false
2684,ensalada,adj,7730,0.00001898,ensalada ensaladas,false,false
2685,novato,adj,7724,0.00001897,novato novatos novata,false,false
2686,avergonzar,verb,7723,0.00001896,avergonzarse avergonzarte avergüenzas,false,false
2687,desayunar,verb,7719,0.00001895,desayunar desayunando desayuna,false,false
2688,stephen,verb,7711,0.00001893,stephen,false,false
2689,olivia,noun,7710,0.00001893,olivia,false,false
2690,nancy,noun,7707,0.00001893,nancy,false,false
2691,jess,noun,7706,0.00001892,jess,false,false
2692,lou,noun,7702,0.00001891,lou,false,false
2693,beth,noun,7698,0.00001890,beth,false,false
2694,origen,noun,7696,0.00001890,origen orígenes,false,false
2695,coraje,noun,7695,0.00001890,coraje,false,false
2696,refuerzo,noun,7689,0.00001888,refuerzos refuerzo,false,false
2697,caridad,noun,7684,0.00001887,caridad,false,false
2698,dibujar,verb,7683,0.00001887,dibujar dibujando dibujó,false,false
2699,leal,adj,7670,0.00001883,leal leales,false,false
2700,simpático,adj,7665,0.00001882,simpático simpática simpáticos,false,false
2701,electrónico,adj,7663,0.00001882,electrónico electrónica electrónicos,false,false
2702,decepcionado,adj,7662,0.00001881,decepcionado decepcionada decepcionados,false,false
2703,jersey,noun,7662,0.00001881,jersey,false,false
2704,rodear,verb,7662,0.00001881,rodea rodean rodeando,false,false
2705,cuartel,noun,7655,0.00001880,cuartel cuarteles,false,false
2706,macho,adj,7654,0.00001879,macho machos,false,false
2707,comisión,noun,7647,0.00001878,comisión comisiones,false,false
2708,monte,noun,7645,0.00001877,monte montes,false,false
2709,acero,noun,7643,0.00001877,acero,false,false
2710,comunista,noun,7638,0.00001876,comunista comunistas,false,false
2711,alicia,noun,7636,0.00001875,alicia,false,false
2712,advertencia,noun,7635,0.00001875,advertencia advertencias,false,false
2713,web,noun,7629,0.00001873,web webs,false,false
2714,terror,noun,7624,0.00001872,terror terrores,false,false
2715,avanzado,adj,7623,0.00001872,avanzada avanzado avanzados,false,false
2716,globo,noun,7617,0.00001870,globo globos,false,false
2717,postre,noun,7616,0.00001870,postre postres,false,false
2718,apariencia,noun,7615,0.00001870,apariencia apariencias,false,false
2719,guay,verb,7614,0.00001870,guay,false,false
2720,sentencia,noun,7613,0.00001869,sentencia sentencias,false,false
2721,edward,noun,7596,0.00001865,edward,false,false
2722,corbata,noun,7593,0.00001865,corbata corbatas,false,false
2723,costado,noun,7593,0.00001865,costado costados,false,false
2724,drama,noun,7591,0.00001864,drama dramas,false,false
2725,pedro,noun,7585,0.00001863,pedro,false,false
2726,aplauso,noun,7579,0.00001861,aplauso aplausos,false,false
2727,cima,noun,7579,0.00001861,cima cimas,false,false
2728,lois,noun,7574,0.00001860,lois,false,false
2729,mascota,noun,7573,0.00001860,mascota mascotas,false,false
2730,cristiano,noun,7555,0.00001855,cristiano cristiana cristianas,false,false
2731,mantente,other,7545,0.00001853,mantente,false,false
2732,jaula,noun,7532,0.00001850,jaula jaulas,false,false
2733,oxígeno,noun,7532,0.00001850,oxígeno,false,false
2734,prioridad,noun,7532,0.00001850,prioridad prioridades,false,false
2735,misil,noun,7530,0.00001849,misiles misil,false,false
2736,algun,det,7529,0.00001849,algun,false,false
2737,empeorar,verb,7525,0.00001848,empeorar empeorando empeora,false,false
2738,michelle,noun,7521,0.00001847,michelle,false,false
2739,planta,noun,7519,0.00001846,plantas,false,false
2740,confuso,adj,7515,0.00001845,confuso confusa confusas,false,false
2741,fuga,noun,7515,0.00001845,fuga fugas,false,false
2742,florida,noun,7503,0.00001842,florida,false,false
2743,rutina,noun,7500,0.00001842,rutina rutinas,false,false
2744,sordo,adj,7499,0.00001841,sordo sorda sordos,false,false
2745,brandon,noun,7498,0.00001841,brandon,false,false
2746,toro,noun,7497,0.00001841,toro toros,false,false
2747,dividir,verb,7495,0.00001840,dividir divide dividimos,false,false
2748,ann,noun,7494,0.00001840,ann,false,false
2749,pisar,verb,7489,0.00001839,pisar pisa pisando,false,false
2750,residencia,noun,7487,0.00001838,residencia residencias,false,false
2751,giro,noun,7486,0.00001838,giro giros,false,false
2752,salchicha,noun,7485,0.00001838,salchicha salchichas,false,false
2753,doblar,verb,7480,0.00001837,doblar dobla doblando,false,false
2754,ethan,verb,7478,0.00001836,ethan,false,false
2755,miami,noun,7478,0.00001836,miami,false,false
2756,específico,adj,7472,0.00001835,específico específica específicos,false,false
2757,jugo,noun,7472,0.00001835,jugo jugos,false,false
2758,lanzamiento,noun,7466,0.00001833,lanzamiento lanzamientos,false,false
2759,béisbol,noun,7460,0.00001832,béisbol,false,false
2760,comprometer,verb,7456,0.00001831,comprometer comprometerse compromete,false,false
2761,medalla,noun,7452,0.00001830,medalla medallas,false,false
2762,sándwich,noun,7447,0.00001829,sándwich sándwiches,false,false
2763,intenso,adj,7445,0.00001828,intenso intensa intensos,false,false
2764,shawn,noun,7443,0.00001828,shawn,false,false
2765,enterado,adj,7441,0.00001827,enterado enterada enterados,false,false
2766,cincuenta,num,7440,0.00001827,cincuenta,false,false
2767,inconsciente,adj,7439,0.00001827,inconsciente inconscientes,false,false
2768,columna,noun,7428,0.00001824,columna columnas,false,false
2769,continuación,noun,7422,0.00001823,continuación,false,false
2770,desmayar,verb,7420,0.00001822,desmayó desmayado desmayo,false,false
2771,engañado,adj,7420,0.00001822,engañado engañados engañada,false,false
2772,materia,noun,7418,0.00001822,materia materias,false,false
2773,técnico,adj,7416,0.00001821,técnico técnicos,false,false
2774,electricidad,noun,7413,0.00001820,electricidad,false,false
2775,estructura,noun,7413,0.00001820,estructura estructuras,false,false
2776,habitual,adj,7408,0.00001819,habitual habituales,false,false
2777,etapa,noun,7391,0.00001815,etapa etapas,false,false
2778,ellen,verb,7379,0.00001812,ellen,false,false
2779,cabra,noun,7375,0.00001811,cabra cabras,false,false
2780,alli,noun,7373,0.00001810,alli,false,false
2781,plazo,noun,7370,0.00001810,plazo plazos,false,false
2782,éi,pron,7365,0.00001809,éi,false,false
2783,condena,noun,7352,0.00001805,condena condenas,false,false
2784,once,num,7352,0.00001805,once,false,false
2785,presa,noun,7349,0.00001805,presa presas,false,false
2786,destinado,adj,7347,0.00001804,destinado destinados destinada,false,false
2787,traducido,adj,7347,0.00001804,traducido traducidos,false,false
2788,aparato,noun,7344,0.00001803,aparato aparatos,false,false
2789,revés,noun,7334,0.00001801,revés,false,false
2790,basar,verb,7330,0.00001800,basa basándome basándose,false,false
2791,circo,noun,7326,0.00001799,circo,false,false
2792,estallar,verb,7322,0.00001798,estallar estalló estalla,false,false
2793,reemplazar,verb,7313,0.00001796,reemplazar reemplazado reemplazarlo,false,false
2794,salta,noun,7311,0.00001795,salta,false,false
2795,cirujano,noun,7306,0.00001794,cirujano cirujanos,false,false
2796,romance,noun,7304,0.00001794,romance romances,false,false
2797,guardián,noun,7297,0.00001792,guardián guardianes guardiana,false,false
2798,victor,noun,7295,0.00001791,victor,false,false
2799,cabina,noun,7294,0.00001791,cabina cabinas,false,false
2800,festival,noun,7291,0.00001790,festival festivales,false,false
2801,keith,noun,7291,0.00001790,keith,false,false
2802,destrucción,noun,7289,0.00001790,destrucción,false,false
2803,teddy,noun,7288,0.00001790,teddy,false,false
2804,bicho,noun,7285,0.00001789,bicho bichos,false,false
2805,martha,noun,7281,0.00001788,martha,false,false
2806,ana,adv,7280,0.00001788,ana,false,false
2807,alienígena,adj,7266,0.00001784,alienígena alienígenas,false,false
2808,porno,other,7266,0.00001784,porno,false,false
2809,colgado,adj,7264,0.00001784,colgado colgada colgados,false,false
2810,olvido,noun,7258,0.00001782,olvido,false,false
2811,conflicto,noun,7247,0.00001780,conflicto conflictos,false,false
2812,bromea,adj,7246,0.00001779,bromeas,false,false
2813,historial,adj,7246,0.00001779,historial historiales,false,false
2814,chaval,noun,7242,0.00001778,chaval chavales,false,false
2815,controlado,adj,7238,0.00001777,controlado controlada controlados,false,false
2816,década,noun,7238,0.00001777,década décadas,false,false
2817,demandar,verb,7237,0.00001777,demandar demandando demandaré,false,false
2818,sue,noun,7224,0.00001774,sue,false,false
2819,jesucristo,noun,7223,0.00001774,jesucristo,false,false
2820,impresionar,verb,7222,0.00001773,impresionar impresiona impresionó,false,false
2821,estropear,verb,7217,0.00001772,estropear estropeó estropearlo,false,false
2822,caroline,noun,7213,0.00001771,caroline,false,false
2823,instrumento,noun,7210,0.00001770,instrumento instrumentos,false,false
2824,jacob,noun,7210,0.00001770,jacob,false,false
2825,mosca,noun,7210,0.00001770,mosca moscas,false,false
2826,recepción,noun,7210,0.00001770,recepción recepciones,false,false
2827,elefante,noun,7205,0.00001769,elefante elefantes,false,false
2828,caramba,interj,7203,0.00001769,caramba,false,false
2829,maquillaje,noun,7197,0.00001767,maquillaje,false,false
2830,marshall,noun,7197,0.00001767,marshall,false,false
2831,notado,adj,7197,0.00001767,notado,false,false
2832,refería,other,7197,0.00001767,refería,false,false
2833,sólido,adj,7192,0.00001766,sólido sólida sólidos,false,false
2834,conjunto,adj,7187,0.00001765,conjunto conjunta conjuntos,false,false
2835,tremendo,adj,7182,0.00001764,tremendo tremenda tremendos,false,false
2836,colonia,noun,7181,0.00001763,colonia colonias,false,false
2837,liz,verb,7180,0.00001763,liz,false,false
2838,calentar,verb,7177,0.00001762,calentar calienta calentando,false,false
2839,escala,noun,7173,0.00001761,escala escalas,false,false
2840,inversión,noun,7173,0.00001761,inversión inversiones,false,false
2841,gus,noun,7170,0.00001761,gus,false,false
2842,experimentar,verb,7168,0.00001760,experimentar experimentando experimenta,false,false
2843,joseph,noun,7168,0.00001760,joseph,false,false
2844,mecánico,adj,7159,0.00001758,mecánico mecánica mecánicos,false,false
2845,sujetar,verb,7156,0.00001757,sujétate sujetar sujétalo,false,false
2846,respiración,noun,7154,0.00001757,respiración respiraciones,false,false
2847,mickey,noun,7153,0.00001756,mickey,false,false
2848,delincuente,noun,7134,0.00001752,delincuente delincuentes,false,false
2849,invisible,adj,7134,0.00001752,invisible invisibles,false,false
2850,cicatriz,noun,7132,0.00001751,cicatriz cicatrices,false,false
2851,estacionamiento,noun,7132,0.00001751,estacionamiento estacionamientos,false,false
2852,tímido,adj,7129,0.00001751,tímido tímida tímidas,false,false
2853,jugada,noun,7120,0.00001748,jugada jugadas,false,false
2854,marica,noun,7116,0.00001747,marica maricas,false,false
2855,protocolo,noun,7116,0.00001747,protocolo protocolos,false,false
2856,ejecutivo,noun,7113,0.00001747,ejecutivo ejecutivos ejecutiva,false,false
2857,diana,noun,7111,0.00001746,diana,false,false
2858,síntoma,noun,7108,0.00001745,síntomas síntoma,false,false
2859,posesión,noun,7106,0.00001745,posesión posesiones,false,false
2860,fino,adj,7104,0.00001744,fino fina finas,false,false
2861,embajador,noun,7103,0.00001744,embajador embajadores,false,false
2862,infancia,noun,7103,0.00001744,infancia,false,false
2863,araña,noun,7089,0.00001741,araña arañas,false,false
2864,reverendo,verb,7088,0.00001741,reverendo,false,false
2865,mediodía,noun,7087,0.00001740,mediodía,false,false
2866,agotado,adj,7084,0.00001740,agotado agotada agotados,false,false
2867,barba,noun,7082,0.00001739,barba,false,false
2868,músico,noun,7080,0.00001739,músico músicos,false,false
2869,castigado,adj,7077,0.00001738,castigado castigada castigados,false,false
2870,levantado,adj,7076,0.00001738,levantado levantada levantados,false,false
2871,instalación,noun,7075,0.00001737,instalaciones instalación,false,false
2872,mantequilla,noun,7067,0.00001735,mantequilla,false,false
2873,constante,adj,7064,0.00001735,constante constantes,false,false
2874,celo,noun,7062,0.00001734,celos celo,false,false
2875,infeliz,adj,7060,0.00001734,infeliz infelices,false,false
2876,francamente,adv,7056,0.00001733,francamente,false,false
2877,ganancia,noun,7049,0.00001731,ganancias ganancia,false,false
2878,canto,noun,7048,0.00001731,canto cantos,false,false
2879,ceniza,noun,7045,0.00001730,cenizas ceniza,false,false
2880,sigamos,other,7044,0.00001730,sigamos,false,false
2881,jennifer,noun,7043,0.00001729,jennifer,false,false
2882,agenda,noun,7042,0.00001729,agenda agendas,false,false
2883,guantes,noun,7040,0.00001729,guantes,false,false
2884,conceder,verb,7025,0.00001725,concede concedo conceder,false,false
2885,fianza,noun,7023,0.00001725,fianza fianzas,false,false
2886,odia,noun,7019,0.00001724,odias,false,false
2887,sufrido,adj,7014,0.00001722,sufrido,false,false
2888,píldora,noun,7009,0.00001721,píldoras píldora,false,false
2889,liberado,adj,7006,0.00001720,liberado liberada liberados,false,false
2890,solicitud,noun,7000,0.00001719,solicitud solicitudes,false,false
2891,destrozado,adj,6999,0.00001719,destrozado destrozada destrozados,false,false
2892,continuo,adj,6996,0.00001718,continua continuo continuos,false,false
2893,ho,noun,6993,0.00001717,ho,false,false
2894,angela,noun,6991,0.00001717,angela,false,false
2895,técnicamente,adv,6989,0.00001716,técnicamente,false,false
2896,testamento,other,6987,0.00001716,testamento testamentos,false,false
2897,remedio,noun,6977,0.00001713,remedio remedios,false,false
2898,prometido,adj,6974,0.00001713,prometida prometidos,false,false
2899,crítica,noun,6973,0.00001712,crítica críticas,false,false
2900,sello,noun,6966,0.00001711,sello sellos,false,false
2901,forzar,verb,6964,0.00001710,forzar forzó forzando,false,false
2902,cómoda,noun,6959,0.00001709,cómoda,false,false
2903,equivoca,adj,6955,0.00001708,equivocas,false,false
2904,owen,noun,6953,0.00001707,owen,false,false
2905,taller,noun,6952,0.00001707,taller talleres,false,false
2906,transformar,verb,6952,0.00001707,transformar transforma transformó,false,false
2907,bloquear,verb,6945,0.00001705,bloquear bloqueando bloquea,false,false
2908,competir,verb,6945,0.00001705,competir compitiendo compiten,false,false
2909,dennis,noun,6945,0.00001705,dennis,false,false
2910,católico,adj,6944,0.00001705,católica católico católicos,false,false
2911,tabla,noun,6941,0.00001704,tabla tablas,false,false
2912,estable,adj,6936,0.00001703,estable estables,false,false
2913,mueble,noun,6934,0.00001703,muebles mueble,false,false
2914,pervertido,adj,6932,0.00001702,pervertido pervertidos pervertida,false,false
2915,septiembre,noun,6926,0.00001701,septiembre,false,false
2916,referencia,noun,6924,0.00001700,referencia referencias,false,false
2917,obligación,noun,6922,0.00001700,obligación obligaciones,false,false
2918,queria,noun,6919,0.00001699,queria,false,false
2919,período,noun,6910,0.00001697,período períodos,false,false
2920,sector,noun,6908,0.00001696,sector sectores,false,false
2921,berlín,noun,6907,0.00001696,berlín,false,false
2922,semilla,noun,6905,0.00001696,semillas semilla,false,false
2923,suministro,noun,6905,0.00001696,suministros suministro,false,false
2924,chupar,verb,6904,0.00001695,chupa chupar chupando,false,false
2925,escolar,adj,6904,0.00001695,escolar escolares,false,false
2926,mojado,adj,6903,0.00001695,mojado mojada mojadas,false,false
2927,región,noun,6901,0.00001695,región regiones,false,false
2928,spencer,noun,6900,0.00001694,spencer,false,false
2929,conducta,noun,6894,0.00001693,conducta conductas,false,false
2930,rango,noun,6893,0.00001693,rango rangos,false,false
2931,nombrar,verb,6886,0.00001691,nombrar nombró nombra,false,false
2932,grabado,adj,6880,0.00001689,grabado grabada grabados,false,false
2933,trasladar,verb,6879,0.00001689,trasladado trasladar trasladó,false,false
2934,ruth,noun,6876,0.00001688,ruth,false,false
2935,academia,noun,6874,0.00001688,academia,false,false
2936,psiquiatra,noun,6873,0.00001688,psiquiatra psiquiatras,false,false
2937,sobra,other,6866,0.00001686,sobra sobras,false,false
2938,hambriento,adj,6863,0.00001685,hambriento hambrientos,false,false
2939,dificil,adj,6861,0.00001685,dificil dificiles,false,false
2940,reporte,noun,6860,0.00001685,reporte,false,false
2941,apresurar,verb,6859,0.00001684,apresúrate apresurarnos apresúrense,false,false
2942,rob,noun,6857,0.00001684,rob,false,false
2943,malcolm,noun,6855,0.00001683,malcolm,false,false
2944,arco,noun,6850,0.00001682,arco arcos,false,false
2945,rota,noun,6849,0.00001682,rota,false,false
2946,satélite,adj,6846,0.00001681,satélite satélites,false,false
2947,lista,noun,6844,0.00001681,listas,false,false
2948,atento,adj,6842,0.00001680,atento atentos atenta,false,false
2949,oveja,noun,6836,0.00001679,ovejas oveja,false,false
2950,saludable,adj,6835,0.00001678,saludable saludables,false,false
2951,casino,noun,6833,0.00001678,casino casinos,false,false
2952,retiro,noun,6830,0.00001677,retiro retiros,false,false
2953,abril,noun,6826,0.00001676,abril,false,false
2954,excepción,noun,6826,0.00001676,excepción excepciones,false,false
2955,adoptar,verb,6823,0.00001675,adoptar adoptado adoptó,false,false
2956,engaño,noun,6821,0.00001675,engaño engaños,false,false
2957,demasiada,adj,6820,0.00001675,demasiadas,false,false
2958,sacrificar,verb,6816,0.00001674,sacrificar sacrificó sacrificarse,false,false
2959,williams,noun,6813,0.00001673,williams,false,false
2960,dirigido,adj,6802,0.00001670,dirigido dirigida dirigidos,false,false
2961,virginia,noun,6790,0.00001667,virginia,false,false
2962,población,noun,6789,0.00001667,población poblaciones,false,false
2963,holly,verb,6786,0.00001666,holly,false,false
2964,jonathan,verb,6784,0.00001666,jonathan,false,false
2965,champán,noun,6783,0.00001666,champán,false,false
2966,cortina,noun,6780,0.00001665,cortinas cortina,false,false
2967,marinero,noun,6780,0.00001665,marinero marineros marinera,false,false
2968,apuñalar,verb,6776,0.00001664,apuñalado apuñaló apuñalar,false,false
2969,músculo,noun,6767,0.00001662,músculos músculo,false,false
2970,vago,adj,6766,0.00001661,vago vagos vaga,false,false
2971,walker,noun,6766,0.00001661,walker,false,false
2972,reunido,adj,6760,0.00001660,reunido reunidos reunida,false,false
2973,tiroteo,noun,6760,0.00001660,tiroteo tiroteos,false,false
2974,hoyo,noun,6757,0.00001659,hoyo hoyos,false,false
2975,extremadamente,adv,6756,0.00001659,extremadamente,false,false
2976,artificial,adj,6740,0.00001655,artificiales artificial,false,false
2977,organizado,adj,6734,0.00001654,organizado organizada organizados,false,false
2978,llores,noun,6733,0.00001653,llores,false,false
2979,insecto,noun,6731,0.00001653,insectos insecto,false,false
2980,cráneo,adj,6728,0.00001652,cráneo cráneos,false,false
2981,junio,noun,6728,0.00001652,junio,false,false
2982,trono,noun,6723,0.00001651,trono tronos,false,false
2983,temor,noun,6722,0.00001651,temor temores,false,false
2984,novedad,noun,6721,0.00001650,novedad novedades,false,false
2985,expulsado,adj,6710,0.00001648,expulsado expulsada expulsados,false,false
2986,micrófono,noun,6708,0.00001647,micrófono micrófonos,false,false
2987,potencia,noun,6708,0.00001647,potencia potencias,false,false
2988,investigador,noun,6690,0.00001643,investigador investigadores,false,false
2989,enloquecer,verb,6689,0.00001643,enloqueció enloquecer enloqueciendo,false,false
2990,fraude,noun,6686,0.00001642,fraude fraudes,false,false
2991,traficante,noun,6686,0.00001642,traficante traficantes,false,false
2992,matthew,noun,6680,0.00001640,matthew,false,false
2993,individuo,adj,6679,0.00001640,individuo individuos,false,false
2994,horno,noun,6678,0.00001640,horno hornos,false,false
2995,increíblemente,adv,6674,0.00001639,increíblemente,false,false
2996,willie,noun,6667,0.00001637,willie,false,false
2997,ejecutar,verb,6666,0.00001637,ejecutar ejecuta ejecutando,false,false
2998,quinn,adj,6663,0.00001636,quinn,false,false
2999,retrasado,adj,6663,0.00001636,retrasado retrasados retrasada,false,false
3000,rama,noun,6662,0.00001636,rama ramas,false,false
